Date;Service;Ligne;Nom de la ligne;Taux de ponctualité;Nombre de voyageurs à l'heure pour un voyageur en retard
2013-01;RER;A;RER A;83.6;5.1
2013-01;Transilien;R;Paris Sud Est;87.2;6.8
2013-03;Transilien;H;Paris Nord Ouest;92.3;12.0
2013-04;Transilien;N;Paris Montparnasse;90.2;9.2
2013-05;RER;D;RER D;87.1;6.8
2013-05;Transilien;K;Paris Nord Crépy;81.3;4.3
2013-06;Transilien;N;Paris Montparnasse;93.9;15.4
2013-06;Transilien;P;Paris Est;89.4;8.4
2013-08;Transilien;P;Paris Est;92.1;11.7
2013-09;RER;A;RER A;83.3;5.0
2013-09;Transilien;U;La Verrière - La Défense;92.9;13.1
2013-10;RER;C;RER C;85.6;5.9
2013-10;Transilien;J;Paris Saint-Lazare Nord;83.2;5.0
2013-11;RER;D;RER D;76.9;3.3
2013-11;Transilien;K;Paris Nord Crépy;77.7;3.5
2013-11;Transilien;P;Paris Est;82.8;4.8
2013-11;Transilien;R;Paris Sud Est;82.5;4.7
2013-12;RER;A;RER A;81.2;4.3
2013-12;RER;B;RER B;82.4;4.7
2013-12;RER;D;RER D;85.5;5.9
2013-12;Transilien;H;Paris Nord Ouest;94.7;17.9
2013-12;Transilien;L;Paris Saint-Lazare Sud;83.0;4.9
2013-12;Transilien;P;Paris Est;91.0;10.1
2014-01;RER;A;RER A;81.1;4.3
2014-01;RER;C;RER C;91.4;10.6
2014-01;Transilien;J;Paris Saint-Lazare Nord;82.0;4.6
2014-01;Transilien;K;Paris Nord Crépy;76.6;3.3
2014-01;Transilien;R;Paris Sud Est;89.7;8.7
2014-03;RER;D;RER D;87.9;7.3
2014-03;Transilien;R;Paris Sud Est;91.5;10.8
2014-05;RER;A;RER A;87.6;7.1
2014-05;RER;B;RER B;89.4;8.4
2014-05;Transilien;P;Paris Est;92.7;12.7
2014-07;Transilien;R;Paris Sud Est;89.7;8.7
2014-07;Transilien;U;La Verrière - La Défense;93.3;13.9
2014-08;Transilien;J;Paris Saint-Lazare Nord;87.4;6.9
2014-08;Transilien;K;Paris Nord Crépy;91.3;10.5
2014-09;RER;A;RER A;70.9;2.4
2014-10;RER;D;RER D;81.4;4.4
2014-10;Transilien;K;Paris Nord Crépy;86.5;6.4
2014-11;RER;C;RER C;86.735;6.5
2014-11;Transilien;K;Paris Nord Crépy;84.573;5.5
2014-12;RER;C;RER C;89.3;8.3
2014-12;RER;D;RER D;84.2;5.3
2014-12;Transilien;J;Paris Saint-Lazare Nord;84.3;5.4
2014-12;Transilien;L;Paris Saint-Lazare Sud;80.4;4.1
2014-12;Transilien;U;La Verrière - La Défense;91.8;11.2
2015-01;RER;B;RER B;88.5;7.7
2015-01;Transilien;H;Paris Nord Ouest;95.565;21.5
2015-01;Transilien;K;Paris Nord Crépy;87.18;6.8
2015-01;Transilien;R;Paris Sud Est;89.231;8.3
2015-03;RER;A;RER A;71.955;2.6
2015-03;RER;C;RER C;88.916;8.0
2015-03;RER;E;RER E;96.326;26.2
2015-03;Transilien;N;Paris Montparnasse;94.754;18.1
2015-04;RER;D;RER D;86.555;6.4
2015-04;RER;E;RER E;90.539;9.6
2015-04;Transilien;U;La Verrière - La Défense;93.168;13.6
2015-05;RER;B;RER B;86.995;6.7
2015-05;RER;E;RER E;95.987;23.9
2015-06;Transilien;L;Paris Saint-Lazare Sud;82.635;4.8
2015-07;RER;D;RER D;87.7;7.1
2015-07;RER;E;RER E;93.5;14.4
2015-07;Transilien;K;Paris Nord Crépy;89.4;8.4
2015-08;Transilien;H;Paris Nord Ouest;96.3;26.0
2015-08;Transilien;L;Paris Saint-Lazare Sud;89.9;8.9
2015-09;RER;B;RER B;89.361;8.4
2015-09;RER;E;RER E;89.903;8.9
2015-09;Transilien;H;Paris Nord Ouest;95.658;22.0
2015-09;Transilien;N;Paris Montparnasse;92.971;13.2
2015-10;Transilien;H;Paris Nord Ouest;93.511;14.4
2015-12;RER;C;RER C;90.3;9.3
2015-12;Transilien;K;Paris Nord Crépy;85.9;6.1
2015-12;Transilien;L;Paris Saint-Lazare Sud;88.1;7.4
2015-12;Transilien;N;Paris Montparnasse;92.6;12.5
2016-01;Transilien;H;Paris Nord Ouest;95.7;22.3
2016-01;Transilien;N;Paris Montparnasse;92.1;11.7
2016-01;Transilien;R;Paris Sud Est;87.2;6.8
2016-02;Transilien;K;Paris Nord Crépy;85.5;5.9
2016-02;Transilien;N;Paris Montparnasse;93.7;14.9
2016-03;RER;B;RER B;89.5;8.5
2016-03;RER;C;RER C;88.3;7.5
2016-03;Transilien;P;Paris Est;89.2;8.3
2016-04;Transilien;H;Paris Nord Ouest;96.4;26.8
2016-05;Transilien;K;Paris Nord Crépy;92.3;12.0
2016-05;Transilien;N;Paris Montparnasse;89.9;8.9
2016-06;RER;B;RER B;88.1;7.4
2016-06;Transilien;H;Paris Nord Ouest;93.8;15.1
2016-06;Transilien;K;Paris Nord Crépy;89.4;8.4
2016-06;Transilien;L;Paris Saint-Lazare Sud;88.3;7.5
2016-06;Transilien;N;Paris Montparnasse;80.3;4.1
2016-07;Transilien;R;Paris Sud Est;86.7;6.5
2016-08;Transilien;P;Paris Est;87.6;7.1
2016-09;RER;C;RER C;88.6;7.8
2016-09;Transilien;H;Paris Nord Ouest;96.4;26.8
2016-09;Transilien;L;Paris Saint-Lazare Sud;90.7;9.8
2016-09;Transilien;R;Paris Sud Est;87.4;6.9
2016-10;RER;A;RER A;70.6;2.4
2016-10;Transilien;N;Paris Montparnasse;93.7;14.9
2016-10;Transilien;U;La Verrière - La Défense;94.6;17.5
2016-11;RER;C;RER C;86.4;6.4
2016-11;Transilien;L;Paris Saint-Lazare Sud;86.0;6.1
2016-11;Transilien;P;Paris Est;87.7;7.1
2016-11;Transilien;R;Paris Sud Est;83.8;5.2
2016-11;Transilien;U;La Verrière - La Défense;93.3;13.9
2016-12;Transilien;K;Paris Nord Crépy;86.5;6.4
2016-12;Transilien;L;Paris Saint-Lazare Sud;89.5;8.5
2016-12;Transilien;P;Paris Est;90.7;9.8
2016-12;Transilien;U;La Verrière - La Défense;94.5;17.2
2017-01;RER;C;RER C;87.3;6.9
2017-01;RER;D;RER D;85.2;5.8
2017-01;Transilien;R;Paris Sud Est;88.8;7.9
2017-02;Transilien;H;Paris Nord Ouest;93.1;13.5
2017-02;Transilien;J;Paris Saint-Lazare Nord;92.5;12.3
2017-02;Transilien;R;Paris Sud Est;89.6;8.6
2017-03;RER;E;RER E;94.2;16.2
2017-04;RER;B;RER B;84.2;5.3
2017-04;Transilien;P;Paris Est;94.4;16.9
2017-05;Transilien;L;Paris Saint-Lazare Sud;88.916;8.0
2017-05;Transilien;R;Paris Sud Est;84.346;5.4
2017-06;RER;C;RER C;85.009;5.7
2017-06;RER;D;RER D;82.962;4.9
2017-06;Transilien;N;Paris Montparnasse;90.031;9.0
2017-07;RER;C;RER C;89.405;8.4
2017-07;Transilien;U;La Verrière - La Défense;92.59;12.5
2017-08;RER;B;RER B;93.2;13.7
2017-08;Transilien;N;Paris Montparnasse;92.0;11.5
2017-08;Transilien;P;Paris Est;92.2;11.8
2017-08;Transilien;U;La Verrière - La Défense;96.1;24.6
2017-10;Transilien;K;Paris Nord Crépy;92.2;11.8
2017-10;Transilien;R;Paris Sud Est;85.2;5.8
2017-10;Transilien;U;La Verrière - La Défense;92.1;11.7
2017-11;RER;A;RER A;71.02;2.5
2017-11;Transilien;H;Paris Nord Ouest;88.7;7.8
2017-11;Transilien;U;La Verrière - La Défense;89.1;8.2
2017-12;RER;E;RER E;94.0;15.7
2017-12;Transilien;J;Paris Saint-Lazare Nord;85.8;6.0
2017-12;Transilien;K;Paris Nord Crépy;90.0;9.0
2017-12;Transilien;L;Paris Saint-Lazare Sud;86.3;6.3
2018-01;Transilien;R;Paris Sud Est;81.7;4.5
2018-02;Transilien;J;Paris Saint-Lazare Nord;84.1;5.3
2018-02;Transilien;P;Paris Est;76.3;3.2
2018-02;Transilien;R;Paris Sud Est;73.2;2.7
2018-03;RER;D;RER D;82.2;4.6
2018-03;Transilien;K;Paris Nord Crépy;93.0;13.3
2018-03;Transilien;N;Paris Montparnasse;89.5;8.5
2018-04;RER;A;RER A;80.8;4.2
2018-04;Transilien;N;Paris Montparnasse;91.2;10.4
2018-05;Transilien;L;Paris Saint-Lazare Sud;91.5;10.8
2018-06;Transilien;N;Paris Montparnasse;89.6;8.6
2018-07;RER;A;RER A;78.5;3.7
2018-07;RER;E;RER E;90.2;9.2
2018-07;Transilien;H;Paris Nord Ouest;93.5;14.4
2018-07;Transilien;J;Paris Saint-Lazare Nord;89.4;8.4
2018-07;Transilien;L;Paris Saint-Lazare Sud;89.3;8.3
2018-07;Transilien;P;Paris Est;88.2;7.5
2018-07;Transilien;R;Paris Sud Est;81.7;4.5
2018-08;Transilien;L;Paris Saint-Lazare Sud;95.9;23.4
2018-08;Transilien;U;La Verrière - La Défense;90.8;9.9
2018-09;Transilien;L;Paris Saint-Lazare Sud;90.7;9.8
2018-10;Transilien;J;Paris Saint-Lazare Nord;88.3;7.5
2018-11;RER;C;RER C;83.5;5.1
2018-11;Transilien;L;Paris Saint-Lazare Sud;88.2;7.5
2018-11;Transilien;U;La Verrière - La Défense;90.4;9.4
2018-12;RER;D;RER D;87.0;6.7
2018-12;Transilien;L;Paris Saint-Lazare Sud;92.1;11.7
2018-12;Transilien;R;Paris Sud Est;85.3;5.8
2019-01;Transilien;K;Paris Nord Crépy;85.2;5.8
2019-02;RER;D;RER D;85.574;5.9
2019-02;Transilien;H;Paris Nord Ouest;93.421;14.2
2019-03;RER;E;RER E;95.286;20.2
2019-04;RER;A;RER A;89.4;8.4
2019-04;RER;B;RER B;87.7;7.1
2019-04;RER;D;RER D;87.09;6.7
2019-05;Transilien;N;Paris Montparnasse;94.099;15.9
2019-06;RER;C;RER C;86.092;6.2
2019-08;RER;E;RER E;85.001;5.7
2019-08;Transilien;J;Paris Saint-Lazare Nord;94.401;16.9
2019-08;Transilien;R;Paris Sud Est;86.617;6.5
2019-09;RER;A;RER A;87.573;7.0
2019-09;Transilien;K;Paris Nord Crépy;91.221;10.4
2019-10;RER;D;RER D;79.859;4.0
2019-10;RER;E;RER E;91.415;10.6
2019-10;Transilien;K;Paris Nord Crépy;86.629;6.5
2019-11;RER;B;RER B;78.263;3.6
2019-11;RER;D;RER D;83.007;4.9
2019-11;Transilien;K;Paris Nord Crépy;93.756;15.0
2019-11;Transilien;P;Paris Est;87.341;6.9
2019-11;Transilien;U;La Verrière - La Défense;96.521;27.7
2020-02;RER;C;RER C;83.249;4.97
2020-02;RER;E;RER E;88.05;7.368
2020-02;Transilien;L;Paris Saint-Lazare Sud;92.863;13.011
2020-02;Transilien;R;Paris Sud Est;80.723;4.188
2020-06;Transilien;N;Paris Montparnasse;90.864;9.946
2020-07;RER;A;RER A;89.038;8.122
2020-07;RER;B;RER B;89.142;8.21
2020-07;RER;E;RER E;93.793;15.111
2020-07;Transilien;J;Paris Saint-Lazare Nord;92.495;12.324
2020-07;Transilien;K;Paris Nord Crépy;93.239;13.791
2020-08;Transilien;U;La Verrière - La Défense;96.763;29.897
2020-09;RER;E;RER E;92.264;11.927
2020-09;Transilien;R;Paris Sud Est;90.616;9.656
2020-10;RER;B;RER B;82.877;4.84
2020-10;RER;C;RER C;86.411;6.359
2020-10;Transilien;H;Paris Nord Ouest;92.641;12.59
2020-10;Transilien;K;Paris Nord Crépy;87.645;7.094
2020-10;Transilien;N;Paris Montparnasse;93.261;13.84
2020-10;Transilien;P;Paris Est;91.472;10.726
2020-11;RER;B;RER B;87.683;7.119
2020-11;RER;C;RER C;91.637;10.958
2020-11;Transilien;P;Paris Est;93.767;15.044
2020-12;Transilien;H;Paris Nord Ouest;96.386;26.667
2020-12;Transilien;J;Paris Saint-Lazare Nord;92.082;11.629
2020-12;Transilien;P;Paris Est;92.782;12.854
2021-01;RER;E;RER E;94.692;17.841
2021-01;Transilien;H;Paris Nord Ouest;94.673;17.774
2021-02;Transilien;K;Paris Nord Crépy;90.965;10.068
2021-02;Transilien;L;Paris Saint-Lazare Sud;89.43;8.46
2021-03;RER;A;RER A;88.795;7.924
2021-03;RER;B;RER B;88.663;7.821
2021-03;RER;E;RER E;93.919;15.446
2021-03;Transilien;U;La Verrière - La Défense;95.385;20.667
2021-04;RER;B;RER B;88.612;7.781
2021-05;Transilien;P;Paris Est;95.122;19.5
2021-05;Transilien;U;La Verrière - La Défense;97.197;34.677
2021-07;RER;E;RER E;91.978;11.466
2021-07;Transilien;H;Paris Nord Ouest;96.649;28.844
2021-07;Transilien;K;Paris Nord Crépy;93.304;13.935
2021-07;Transilien;P;Paris Est;92.354;12.078
2021-07;Transilien;R;Paris Sud Est;90.771;9.835
2021-08;Transilien;K;Paris Nord Crépy;95.36;20.554
2021-08;Transilien;N;Paris Montparnasse;96.911;31.373
2021-08;Transilien;P;Paris Est;94.686;17.818
2021-09;RER;C;RER C;93.155;13.609
2021-09;Transilien;H;Paris Nord Ouest;96.309;26.093
2021-09;Transilien;K;Paris Nord Crépy;95.429;20.877
2021-09;Transilien;R;Paris Sud Est;88.138;7.43
2021-09;Transilien;U;La Verrière - La Défense;95.151;19.625
2021-10;RER;A;RER A;86.592;6.458
2021-10;Transilien;P;Paris Est;89.298;8.344
2021-11;RER;E;RER E;93.918;15.443
2021-11;Transilien;K;Paris Nord Crépy;93.467;14.308
2021-11;Transilien;P;Paris Est;87.623;7.08
2021-11;Transilien;R;Paris Sud Est;89.031;8.116
2021-12;RER;B;RER B;82.741;4.794
2021-12;Transilien;H;Paris Nord Ouest;96.717;29.457
2021-12;Transilien;L;Paris Saint-Lazare Sud;95.018;19.073
2022-01;RER;C;RER C;87.659;7.103
2022-01;RER;E;RER E;94.085;15.906
2022-01;Transilien;H;Paris Nord Ouest;96.21;25.387
2022-01;Transilien;R;Paris Sud Est;90.66;9.707
2022-02;RER;A;RER A;92.496;12.326
2022-02;RER;B;RER B;84.972;5.654
2022-03;RER;B;RER B;85.901;6.093
2022-03;RER;E;RER E;92.404;12.165
2022-03;Transilien;N;Paris Montparnasse;95.364;20.572
2022-03;Transilien;P;Paris Est;88.578;7.755
2022-04;RER;A;RER A;91.146;10.295
2022-04;RER;E;RER E;93.432;14.225
2022-04;Transilien;J;Paris Saint-Lazare Nord;94.786;18.177
2022-04;Transilien;L;Paris Saint-Lazare Sud;94.632;17.628
2022-05;Transilien;R;Paris Sud Est;92.278;11.95
2022-06;RER;A;RER A;83.837;5.187
2022-06;Transilien;P;Paris Est;82.365;4.671
2022-06;Transilien;R;Paris Sud Est;88.997;8.088
2022-07;Transilien;K;Paris Nord Crépy;98.711;76.556
2022-07;Transilien;U;La Verrière - La Défense;44.925;0.816
2022-08;RER;B;RER B;82.371;4.672
2022-08;Transilien;L;Paris Saint-Lazare Sud;96.856;30.807
2022-09;RER;E;RER E;93.648;14.743
2022-09;Transilien;H;Paris Nord Ouest;96.975;32.063
2022-09;Transilien;K;Paris Nord Crépy;98.429;62.673
2022-09;Transilien;R;Paris Sud Est;91.566;10.857
2022-10;Transilien;P;Paris Est;90.442;9.463
2022-11;Transilien;H;Paris Nord Ouest;95.366;20.579
2022-11;Transilien;R;Paris Sud Est;87.993;7.329
2022-11;Transilien;U;La Verrière - La Défense;92.174;11.778
2022-12;RER;B;RER B;81.464;4.395
2022-12;RER;E;RER E;93.528;14.451
2023-01;RER;E;RER E;94.235;16.346
2023-01;Transilien;L;Paris Saint-Lazare Sud;96.367;26.524
2023-01;Transilien;P;Paris Est;90.853;9.933
2023-01;Transilien;U;La Verrière - La Défense;95.689;22.199
2023-02;RER;E;RER E;93.251;13.816
2023-02;Transilien;U;La Verrière - La Défense;97.405;37.536
2023-03;RER;D;RER D;90.845;9.923
2023-04;RER;B;RER B;81.774;4.487
2023-04;RER;C;RER C;89.337;8.378
2023-04;Transilien;K;Paris Nord Crépy;92.796;12.881
2023-04;Transilien;L;Paris Saint-Lazare Sud;96.284;25.912
2023-04;Transilien;U;La Verrière - La Défense;94.999;18.996
2023-05;Transilien;U;La Verrière - La Défense;95.63;21.882
2023-06;Transilien;K;Paris Nord Crépy;94.098;15.942
2023-06;Transilien;P;Paris Est;90.299;9.308
2023-06;Transilien;U;La Verrière - La Défense;95.387;20.679
2023-07;RER;C;RER C;82.103;4.588
2023-07;RER;D;RER D;89.732;8.739
2023-07;RER;E;RER E;93.038;13.363
2023-07;Transilien;H;Paris Nord Ouest;95.394;20.712
2023-07;Transilien;J;Paris Saint-Lazare Nord;94.313;16.585
2023-08;RER;D;RER D;89.666;8.676
2023-08;RER;E;RER E;94.691;17.836
2023-08;Transilien;H;Paris Nord Ouest;96.952;31.805
2023-08;Transilien;P;Paris Est;87.333;6.895
2023-08;Transilien;U;La Verrière - La Défense;97.53;39.478
2023-09;Transilien;H;Paris Nord Ouest;95.707;22.296
2023-09;Transilien;R;Paris Sud Est;90.571;9.606
2023-09;Transilien;U;La Verrière - La Défense;96.05;24.315
2023-10;Transilien;K;Paris Nord Crépy;97.995;48.877
2023-10;Transilien;L;Paris Saint-Lazare Sud;94.577;17.438
2023-10;Transilien;U;La Verrière - La Défense;95.391;20.697
2023-11;RER;B;RER B;77.206;3.387
2023-11;RER;E;RER E;90.452;9.474
2023-11;Transilien;H;Paris Nord Ouest;90.789;9.856
2023-12;RER;D;RER D;81.647;4.449
2023-12;Transilien;J;Paris Saint-Lazare Nord;92.093;11.647
2024-01;RER;C;RER C;80.928;4.243
2024-03;RER;B;RER B;85.356;5.829
2024-03;RER;D;RER D;81.881;4.519
2024-03;Transilien;L;Paris Saint-Lazare Sud;93.771;15.054
2024-04;RER;B;RER B;87.84;7.224
2024-04;RER;D;RER D;87.227;6.829
2024-04;Transilien;U;La Verrière - La Défense;95.577;21.608
2024-05;RER;D;RER D;89.499;8.523
2024-05;Transilien;H;Paris Nord Ouest;95.695;22.23
2024-06;RER;A;RER A;89.939;8.94
2024-07;RER;E;RER E;94.897;18.598
2024-07;Transilien;H;Paris Nord Ouest;96.818;30.422
2024-07;Transilien;L;Paris Saint-Lazare Sud;95.529;21.367
2024-07;Transilien;U;La Verrière - La Défense;95.888;23.321
2024-08;RER;B;RER B;92.36;12.09
2024-08;RER;C;RER C;95.789;22.749
2024-08;Transilien;H;Paris Nord Ouest;98.004;49.1
2024-08;Transilien;L;Paris Saint-Lazare Sud;98.363;60.069
2024-08;Transilien;P;Paris Est;96.154;25.001
2024-09;RER;B;RER B;86.851;6.605
2024-09;RER;D;RER D;89.605;8.62
2024-09;RER;E;RER E;92.383;12.128
2024-09;Transilien;H;Paris Nord Ouest;97.479;38.66
2024-10;Transilien;K;Paris Nord Crépy;94.546;17.336
2024-10;Transilien;N;Paris Montparnasse;93.973;15.593
2024-10;Transilien;P;Paris Est;90.347;9.36
2024-10;Transilien;U;La Verrière - La Défense;94.36;16.73
2024-11;RER;C;RER C;84.462;5.436
2024-11;RER;E;RER E;93.529;14.454
2024-11;Transilien;H;Paris Nord Ouest;94.174;16.163
2024-11;Transilien;U;La Verrière - La Défense;93.281;13.882
2024-12;RER;D;RER D;89.103;8.177
2024-12;Transilien;H;Paris Nord Ouest;94.09;15.92
2024-12;Transilien;N;Paris Montparnasse;94.701;17.87
2024-12;Transilien;R;Paris Sud Est;92.31;12.003
2025-01;RER;A;RER A;88.638;7.802
2025-01;RER;D;RER D;87.279;6.861
2025-01;Transilien;R;Paris Sud Est;88.51;7.703
2025-01;Transilien;U;La Verrière - La Défense;88.047;7.366
2025-02;RER;B;RER B;88.669;7.825
2025-02;Transilien;R;Paris Sud Est;87.733;7.152
2025-03;Transilien;H;Paris Nord Ouest;96.343;26.341
2025-03;Transilien;J;Paris Saint-Lazare Nord;93.838;15.228
2025-03;Transilien;L;Paris Saint-Lazare Sud;95.416;20.813
2025-03;Transilien;P;Paris Est;92.105;11.667
2025-03;Transilien;R;Paris Sud Est;90.579;9.615
2025-04;Transilien;P;Paris Est;93.252;13.82
2025-05;RER;B;RER B;87.419;6.949
2025-05;RER;C;RER C;92.466;12.273
2025-05;Transilien;N;Paris Montparnasse;96.266;25.782
2025-05;Transilien;P;Paris Est;88.915;8.022
2025-05;Transilien;U;La Verrière - La Défense;93.897;15.384
2025-06;RER;C;RER C;86.067;6.177
2025-06;RER;E;RER E;88.113;7.412
2025-06;Transilien;N;Paris Montparnasse;95.791;22.759
2025-07;RER;A;RER A;89.374;8.411
2025-07;Transilien;K;Paris Nord Crépy;95.227;19.953
2025-07;Transilien;L;Paris Saint-Lazare Sud;92.32;12.021
2025-07;Transilien;R;Paris Sud Est;89.609;8.624
2025-08;RER;A;RER A;94.754;18.062
2025-08;RER;B;RER B;93.682;14.828
2025-09;Transilien;H;Paris Nord Ouest;94.321;16.607
2025-09;Transilien;N;Paris Montparnasse;97.057;32.973
2025-09;Transilien;U;La Verrière - La Défense;91.239;10.415
2025-10;Transilien;L;Paris Saint-Lazare Sud;94.335;16.652
2025-11;RER;A;RER A;86.429;6.369
2025-11;RER;B;RER B;81.126;4.298
2025-11;RER;C;RER C;87.003;6.694
2025-11;RER;E;RER E;91.13;10.273
2025-11;Transilien;J;Paris Saint-Lazare Nord;91.35;10.561
2025-12;RER;D;RER D;87.928;7.284
2025-12;Transilien;R;Paris Sud Est;89.614;8.629
2026-01;RER;C;RER C;82.755;4.799
2026-01;RER;D;RER D;80.455;4.116
2026-01;Transilien;L;Paris Saint-Lazare Sud;91.101;10.237
2026-01;Transilien;U;La Verrière - La Défense;89.135;8.204
2026-02;Transilien;K;Paris Nord Crépy;95.909;23.444
2026-02;Transilien;R;Paris Sud Est;89.005;8.095
2026-02;Transilien;U;La Verrière - La Défense;91.763;11.14
2026-03;Transilien;H;Paris Nord Ouest;93.845;15.247
2026-03;Transilien;R;Paris Sud Est;93.515;14.421
2013-02;Transilien;N;Paris Montparnasse;93.3;13.9
2013-02;Transilien;P;Paris Est;89.4;8.4
2013-02;Transilien;R;Paris Sud Est;88.2;7.5
2013-03;Transilien;J;Paris Saint-Lazare Nord;84.2;5.3
2013-03;Transilien;K;Paris Nord Crépy;77.3;3.4
2013-04;RER;B;RER B;86.4;6.4
2013-04;RER;C;RER C;88.7;7.8
2013-04;RER;E;RER E;96.2;25.3
2013-04;Transilien;L;Paris Saint-Lazare Sud;84.4;5.4
2013-04;Transilien;R;Paris Sud Est;89.3;8.3
2013-05;RER;C;RER C;92.3;12.0
2013-05;Transilien;H;Paris Nord Ouest;95.9;23.4
2013-05;Transilien;N;Paris Montparnasse;96.1;24.6
2013-06;RER;A;RER A;83.4;5.0
2013-06;RER;B;RER B;82.2;4.6
2013-06;Transilien;U;La Verrière - La Défense;93.2;13.7
2013-07;Transilien;J;Paris Saint-Lazare Nord;87.0;6.7
2013-07;Transilien;P;Paris Est;90.1;9.1
2013-07;Transilien;U;La Verrière - La Défense;94.3;16.5
2013-08;RER;B;RER B;89.9;8.9
2013-08;Transilien;H;Paris Nord Ouest;95.4;20.7
2013-08;Transilien;J;Paris Saint-Lazare Nord;89.2;8.3
2013-08;Transilien;K;Paris Nord Crépy;88.3;7.5
2013-08;Transilien;R;Paris Sud Est;92.0;11.5
2013-09;Transilien;J;Paris Saint-Lazare Nord;88.8;7.9
2013-09;Transilien;L;Paris Saint-Lazare Sud;84.9;5.6
2013-09;Transilien;N;Paris Montparnasse;92.7;12.7
2013-09;Transilien;R;Paris Sud Est;89.6;8.6
2013-10;RER;E;RER E;95.2;19.8
2013-10;Transilien;H;Paris Nord Ouest;94.2;16.2
2013-11;RER;E;RER E;92.0;11.5
2013-11;Transilien;H;Paris Nord Ouest;93.1;13.5
2013-12;RER;E;RER E;94.9;18.6
2014-01;RER;D;RER D;86.0;6.1
2014-01;RER;E;RER E;93.6;14.6
2014-01;Transilien;N;Paris Montparnasse;96.1;24.6
2014-01;Transilien;U;La Verrière - La Défense;93.2;13.7
2014-02;RER;C;RER C;90.8;9.9
2014-02;RER;D;RER D;88.2;7.5
2014-02;Transilien;R;Paris Sud Est;85.3;5.8
2014-03;RER;B;RER B;87.9;7.3
2014-03;Transilien;H;Paris Nord Ouest;96.4;26.8
2014-03;Transilien;J;Paris Saint-Lazare Nord;87.1;6.8
2014-03;Transilien;P;Paris Est;88.8;7.9
2014-04;RER;A;RER A;85.7;6.0
2014-04;RER;E;RER E;93.9;15.4
2014-04;Transilien;U;La Verrière - La Défense;94.5;17.2
2014-05;RER;D;RER D;85.9;6.1
2014-05;Transilien;N;Paris Montparnasse;96.1;24.6
2014-05;Transilien;R;Paris Sud Est;89.7;8.7
2014-05;Transilien;U;La Verrière - La Défense;94.0;15.7
2014-06;RER;E;RER E;95.4;20.7
2014-06;Transilien;H;Paris Nord Ouest;93.9;15.4
2014-06;Transilien;J;Paris Saint-Lazare Nord;84.9;5.6
2014-06;Transilien;L;Paris Saint-Lazare Sud;84.0;5.3
2014-06;Transilien;P;Paris Est;89.4;8.4
2014-06;Transilien;R;Paris Sud Est;86.1;6.2
2014-08;Transilien;H;Paris Nord Ouest;95.5;21.2
2014-08;Transilien;U;La Verrière - La Défense;95.4;20.7
2014-09;RER;D;RER D;87.0;6.7
2014-09;Transilien;K;Paris Nord Crépy;92.1;11.7
2014-09;Transilien;N;Paris Montparnasse;91.6;10.9
2014-09;Transilien;P;Paris Est;93.5;14.4
2014-09;Transilien;U;La Verrière - La Défense;95.9;23.4
2014-10;RER;A;RER A;68.8;2.2
2014-10;Transilien;J;Paris Saint-Lazare Nord;83.4;5.0
2014-11;Transilien;J;Paris Saint-Lazare Nord;85.776;6.0
2014-11;Transilien;N;Paris Montparnasse;91.45;10.7
2014-12;RER;B;RER B;84.6;5.5
2014-12;Transilien;K;Paris Nord Crépy;83.6;5.1
2015-01;RER;A;RER A;74.5;2.9
2015-01;RER;D;RER D;86.563;6.4
2015-01;RER;E;RER E;94.905;18.6
2015-01;Transilien;N;Paris Montparnasse;93.886;15.4
2015-01;Transilien;P;Paris Est;90.949;10.0
2015-02;RER;A;RER A;73.095;2.7
2015-02;RER;B;RER B;85.397;5.8
2015-02;Transilien;R;Paris Sud Est;91.222;10.4
2015-04;Transilien;K;Paris Nord Crépy;86.185;6.2
2015-04;Transilien;L;Paris Saint-Lazare Sud;81.752;4.5
2015-04;Transilien;P;Paris Est;87.956;7.3
2015-05;RER;D;RER D;86.377;6.3
2015-05;Transilien;N;Paris Montparnasse;93.781;15.1
2015-05;Transilien;R;Paris Sud Est;85.632;6.0
2015-05;Transilien;U;La Verrière - La Défense;94.944;18.8
2015-06;RER;A;RER A;71.15;2.5
2015-06;RER;B;RER B;84.971;5.7
2015-06;RER;D;RER D;82.81;4.8
2015-06;Transilien;R;Paris Sud Est;85.187;5.8
2015-07;RER;C;RER C;88.3;7.5
2015-07;Transilien;H;Paris Nord Ouest;92.8;12.9
2015-07;Transilien;J;Paris Saint-Lazare Nord;86.9;6.6
2015-07;Transilien;L;Paris Saint-Lazare Sud;78.5;3.7
2015-07;Transilien;N;Paris Montparnasse;90.6;9.6
2015-08;RER;D;RER D;91.5;10.8
2015-09;RER;A;RER A;69.995;2.3
2015-09;RER;D;RER D;87.083;6.7
2015-09;Transilien;P;Paris Est;86.054;6.2
2015-10;RER;C;RER C;88.034;7.4
2015-11;RER;C;RER C;85.8;6.0
2015-11;RER;D;RER D;81.6;4.4
2015-11;Transilien;L;Paris Saint-Lazare Sud;80.6;4.2
2015-11;Transilien;P;Paris Est;87.9;7.3
2015-11;Transilien;R;Paris Sud Est;82.2;4.6
2015-11;Transilien;U;La Verrière - La Défense;90.5;9.5
2015-12;RER;E;RER E;95.5;21.2
2015-12;Transilien;J;Paris Saint-Lazare Nord;89.7;8.7
2016-01;RER;D;RER D;81.4;4.4
2016-01;Transilien;K;Paris Nord Crépy;81.5;4.4
2016-01;Transilien;U;La Verrière - La Défense;94.1;15.9
2016-02;RER;A;RER A;71.7;2.5
2016-02;RER;E;RER E;93.1;13.5
2016-03;RER;A;RER A;72.2;2.6
2016-03;Transilien;H;Paris Nord Ouest;92.7;12.7
2016-03;Transilien;L;Paris Saint-Lazare Sud;89.9;8.9
2016-03;Transilien;N;Paris Montparnasse;93.2;13.7
2016-04;RER;A;RER A;72.6;2.6
2016-04;RER;C;RER C;90.6;9.6
2016-04;Transilien;K;Paris Nord Crépy;89.8;8.8
2016-04;Transilien;P;Paris Est;89.4;8.4
2016-05;RER;C;RER C;88.6;7.8
2016-05;Transilien;J;Paris Saint-Lazare Nord;87.7;7.1
2016-06;RER;A;RER A;70.7;2.4
2016-07;RER;C;RER C;86.4;6.4
2016-07;Transilien;H;Paris Nord Ouest;91.8;11.2
2016-07;Transilien;P;Paris Est;86.4;6.4
2016-08;RER;B;RER B;93.19;13.7
2016-08;RER;C;RER C;90.3;9.3
2016-08;RER;D;RER D;89.8;8.8
2016-08;Transilien;K;Paris Nord Crépy;89.4;8.4
2016-09;Transilien;K;Paris Nord Crépy;96.3;26.0
2016-09;Transilien;N;Paris Montparnasse;90.8;9.9
2016-10;Transilien;K;Paris Nord Crépy;95.4;20.7
2016-11;Transilien;K;Paris Nord Crépy;96.1;24.6
2016-12;RER;B;RER B;81.7;4.5
2016-12;RER;D;RER D;80.8;4.2
2016-12;Transilien;J;Paris Saint-Lazare Nord;88.5;7.7
2016-12;Transilien;N;Paris Montparnasse;90.1;9.1
2017-01;Transilien;U;La Verrière - La Défense;95.2;19.8
2017-03;RER;A;RER A;71.0;2.4
2017-03;Transilien;K;Paris Nord Crépy;92.9;13.1
2017-03;Transilien;L;Paris Saint-Lazare Sud;90.1;9.1
2017-03;Transilien;U;La Verrière - La Défense;94.8;18.2
2017-04;RER;A;RER A;73.9;2.8
2017-04;RER;E;RER E;93.5;14.4
2017-04;Transilien;J;Paris Saint-Lazare Nord;92.4;12.2
2017-04;Transilien;L;Paris Saint-Lazare Sud;92.3;12.0
2017-04;Transilien;R;Paris Sud Est;83.6;5.1
2017-05;RER;D;RER D;87.028;6.7
2017-05;Transilien;H;Paris Nord Ouest;79.812;4.0
2017-06;RER;A;RER A;69.948;2.3
2017-06;Transilien;H;Paris Nord Ouest;86.436;6.4
2017-06;Transilien;U;La Verrière - La Défense;91.709;11.1
2017-07;Transilien;H;Paris Nord Ouest;93.308;13.9
2017-07;Transilien;R;Paris Sud Est;74.458;2.9
2017-08;RER;D;RER D;91.0;10.1
2017-08;RER;E;RER E;94.5;17.2
2017-08;Transilien;L;Paris Saint-Lazare Sud;92.5;12.3
2017-08;Transilien;R;Paris Sud Est;86.4;6.4
2017-09;RER;A;RER A;72.9;2.7
2017-09;RER;C;RER C;92.3;12.0
2017-09;Transilien;N;Paris Montparnasse;90.7;9.8
2017-09;Transilien;R;Paris Sud Est;80.9;4.2
2017-10;Transilien;H;Paris Nord Ouest;92.5;12.3
2017-10;Transilien;N;Paris Montparnasse;90.4;9.4
2017-11;RER;D;RER D;79.2;3.8
2017-12;RER;B;RER B;84.3;5.4
2017-12;RER;C;RER C;88.7;7.8
2017-12;RER;D;RER D;84.0;5.3
2017-12;Transilien;P;Paris Est;91.5;10.8
2017-12;Transilien;R;Paris Sud Est;85.5;5.9
2018-01;RER;E;RER E;93.6;14.6
2018-01;Transilien;K;Paris Nord Crépy;91.6;10.9
2018-01;Transilien;N;Paris Montparnasse;90.5;9.5
2018-01;Transilien;P;Paris Est;90.8;9.9
2018-01;Transilien;U;La Verrière - La Défense;91.4;10.6
2018-02;RER;B;RER B;79.8;4.0
2018-02;Transilien;L;Paris Saint-Lazare Sud;84.9;5.6
2018-03;RER;B;RER B;86.4;6.4
2018-03;RER;E;RER E;93.0;13.3
2018-03;Transilien;P;Paris Est;91.5;10.8
2018-05;RER;C;RER C;94.1;15.9
2018-06;RER;A;RER A;80.0;4.0
2018-06;RER;C;RER C;88.7;7.8
2018-06;Transilien;J;Paris Saint-Lazare Nord;94.0;15.7
2018-06;Transilien;K;Paris Nord Crépy;94.4;16.9
2018-06;Transilien;U;La Verrière - La Défense;92.4;12.2
2018-07;RER;B;RER B;85.9;6.1
2018-08;RER;C;RER C;92.4;12.2
2018-08;Transilien;K;Paris Nord Crépy;89.0;8.1
2018-08;Transilien;R;Paris Sud Est;84.1;5.3
2018-09;RER;A;RER A;82.2;4.6
2018-09;RER;D;RER D;84.5;5.5
2018-09;RER;E;RER E;94.4;16.9
2018-09;Transilien;P;Paris Est;91.8;11.2
2018-10;RER;A;RER A;80.85;4.2
2018-10;Transilien;N;Paris Montparnasse;90.8;9.9
2018-10;Transilien;P;Paris Est;86.4;6.4
2018-11;RER;A;RER A;83.13;4.9
2018-11;RER;B;RER B;79.03;3.8
2018-12;RER;A;RER A;84.2;5.3
2018-12;RER;E;RER E;93.6;14.6
2018-12;Transilien;K;Paris Nord Crépy;93.0;13.3
2018-12;Transilien;P;Paris Est;87.8;7.2
2019-01;RER;C;RER C;88.1;7.4
2019-01;RER;D;RER D;84.0;5.3
2019-01;Transilien;J;Paris Saint-Lazare Nord;90.0;9.0
2019-01;Transilien;N;Paris Montparnasse;87.1;6.8
2019-02;Transilien;L;Paris Saint-Lazare Sud;95.112;19.5
2019-02;Transilien;P;Paris Est;86.513;6.4
2019-02;Transilien;R;Paris Sud Est;84.265;5.4
2019-02;Transilien;U;La Verrière - La Défense;96.535;27.9
2019-03;RER;B;RER B;89.0;8.1
2019-03;RER;D;RER D;89.507;8.5
2019-03;Transilien;K;Paris Nord Crépy;95.243;20.0
2019-03;Transilien;U;La Verrière - La Défense;95.945;23.7
2019-04;Transilien;U;La Verrière - La Défense;97.068;33.1
2019-05;RER;D;RER D;87.432;7.0
2019-05;Transilien;K;Paris Nord Crépy;92.738;12.8
2019-06;RER;B;RER B;84.57;5.5
2019-06;RER;D;RER D;86.267;6.3
2019-06;Transilien;U;La Verrière - La Défense;94.129;16.0
2019-07;RER;B;RER B;84.912;5.6
2019-07;RER;D;RER D;85.101;5.7
2019-07;Transilien;H;Paris Nord Ouest;93.664;14.8
2019-07;Transilien;N;Paris Montparnasse;92.452;12.2
2019-07;Transilien;R;Paris Sud Est;86.516;6.4
2019-08;RER;C;RER C;93.393;14.1
2019-08;Transilien;L;Paris Saint-Lazare Sud;96.777;30.0
2019-08;Transilien;N;Paris Montparnasse;95.268;20.1
2019-09;RER;D;RER D;86.799;6.6
2019-09;Transilien;J;Paris Saint-Lazare Nord;91.435;10.7
2019-09;Transilien;R;Paris Sud Est;86.238;6.3
2019-10;RER;A;RER A;85.823;6.1
2019-10;RER;C;RER C;82.873;4.8
2019-10;Transilien;N;Paris Montparnasse;87.745;7.2
2019-11;RER;A;RER A;82.055;4.6
2019-11;Transilien;L;Paris Saint-Lazare Sud;91.801;11.2
2020-02;RER;A;RER A;83.008;4.885
2020-02;Transilien;U;La Verrière - La Défense;95.379;20.64
2020-03;RER;B;RER B;73.521;2.777
2020-03;RER;E;RER E;90.362;9.375
2020-03;Transilien;H;Paris Nord Ouest;95.134;19.552
2020-03;Transilien;P;Paris Est;88.686;7.838
2020-06;RER;B;RER B;86.187;6.24
2020-06;RER;C;RER C;85.34;5.821
2020-06;RER;E;RER E;89.21;8.268
2020-07;Transilien;R;Paris Sud Est;90.137;9.139
2020-07;Transilien;U;La Verrière - La Défense;96.83;30.542
2020-08;RER;C;RER C;93.157;13.614
2020-08;Transilien;P;Paris Est;90.729;9.786
2020-08;Transilien;R;Paris Sud Est;92.623;12.555
2020-09;Transilien;N;Paris Montparnasse;93.646;14.737
2020-09;Transilien;U;La Verrière - La Défense;96.659;28.932
2020-10;Transilien;R;Paris Sud Est;87.883;7.253
2021-01;Transilien;L;Paris Saint-Lazare Sud;95.988;23.923
2021-02;RER;C;RER C;86.4;6.353
2021-02;Transilien;H;Paris Nord Ouest;95.113;19.464
2021-02;Transilien;N;Paris Montparnasse;90.186;9.189
2021-02;Transilien;P;Paris Est;89.8;8.804
2021-03;RER;C;RER C;93.572;14.558
2021-03;Transilien;J;Paris Saint-Lazare Nord;93.796;15.12
2021-03;Transilien;K;Paris Nord Crépy;94.88;18.531
2021-03;Transilien;R;Paris Sud Est;89.093;8.168
2021-05;RER;B;RER B;89.953;8.953
2021-05;RER;C;RER C;92.896;13.076
2021-05;RER;D;RER D;90.479;9.503
2021-05;RER;E;RER E;95.751;22.536
2021-05;Transilien;N;Paris Montparnasse;93.919;15.444
2021-06;Transilien;J;Paris Saint-Lazare Nord;90.195;9.199
2021-06;Transilien;K;Paris Nord Crépy;92.56;12.441
2021-07;RER;C;RER C;92.668;12.639
2021-07;RER;D;RER D;88.484;7.684
2021-07;Transilien;U;La Verrière - La Défense;97.489;38.828
2021-08;RER;A;RER A;91.153;10.303
2021-08;RER;E;RER E;95.883;23.292
2021-08;Transilien;H;Paris Nord Ouest;96.92;31.471
2021-08;Transilien;U;La Verrière - La Défense;97.784;44.135
2021-09;RER;B;RER B;81.033;4.272
2021-09;RER;D;RER D;86.687;6.512
2021-09;Transilien;N;Paris Montparnasse;94.706;17.891
2021-10;RER;D;RER D;85.249;5.779
2021-10;RER;E;RER E;94.505;17.199
2021-10;Transilien;R;Paris Sud Est;80.11;4.028
2021-10;Transilien;U;La Verrière - La Défense;93.772;15.055
2021-12;Transilien;U;La Verrière - La Défense;97.179;34.447
2022-01;RER;A;RER A;88.235;7.5
2022-01;Transilien;J;Paris Saint-Lazare Nord;92.519;12.367
2022-01;Transilien;K;Paris Nord Crépy;94.437;16.974
2022-01;Transilien;L;Paris Saint-Lazare Sud;91.375;10.595
2022-01;Transilien;P;Paris Est;90.538;9.569
2022-02;Transilien;J;Paris Saint-Lazare Nord;95.567;21.556
2022-02;Transilien;N;Paris Montparnasse;96.526;27.786
2022-03;Transilien;K;Paris Nord Crépy;96.586;28.291
2022-03;Transilien;L;Paris Saint-Lazare Sud;94.482;17.121
2022-04;RER;C;RER C;90.296;9.305
2022-04;RER;D;RER D;87.165;6.791
2022-05;RER;B;RER B;85.194;5.754
2022-05;Transilien;H;Paris Nord Ouest;96.47;27.332
2022-06;RER;C;RER C;90.859;9.94
2022-06;Transilien;L;Paris Saint-Lazare Sud;89.539;8.56
2022-06;Transilien;N;Paris Montparnasse;94.348;16.693
2022-07;RER;A;RER A;85.937;6.111
2022-08;RER;A;RER A;93.634;14.71
2022-08;RER;E;RER E;93.526;14.447
2022-08;Transilien;K;Paris Nord Crépy;94.515;17.233
2022-09;RER;C;RER C;90.76;9.822
2022-09;Transilien;N;Paris Montparnasse;95.782;22.706
2022-09;Transilien;P;Paris Est;90.146;9.148
2022-10;RER;B;RER B;80.79;4.206
2022-10;RER;C;RER C;90.323;9.333
2022-10;Transilien;H;Paris Nord Ouest;97.205;34.773
2022-10;Transilien;R;Paris Sud Est;90.197;9.201
2022-10;Transilien;U;La Verrière - La Défense;92.341;12.056
2022-11;Transilien;P;Paris Est;89.864;8.866
2022-12;Transilien;J;Paris Saint-Lazare Nord;91.683;11.024
2023-01;RER;B;RER B;80.067;4.017
2023-01;Transilien;H;Paris Nord Ouest;97.571;40.176
2023-02;Transilien;K;Paris Nord Crépy;97.777;43.978
2023-03;RER;B;RER B;87.41;6.943
2023-03;Transilien;U;La Verrière - La Défense;95.987;23.917
2023-04;RER;E;RER E;96.486;27.459
2023-05;RER;D;RER D;86.89;6.628
2023-05;RER;E;RER E;94.953;18.814
2023-05;Transilien;N;Paris Montparnasse;95.595;21.701
2023-05;Transilien;R;Paris Sud Est;90.402;9.419
2023-06;RER;C;RER C;82.372;4.673
2023-06;RER;E;RER E;92.321;12.023
2023-06;Transilien;R;Paris Sud Est;87.487;6.992
2023-07;RER;B;RER B;85.516;5.904
2023-07;Transilien;N;Paris Montparnasse;96.011;24.069
2023-08;RER;A;RER A;92.136;11.717
2023-08;Transilien;N;Paris Montparnasse;96.644;28.794
2023-09;Transilien;J;Paris Saint-Lazare Nord;92.606;12.524
2023-09;Transilien;L;Paris Saint-Lazare Sud;94.692;17.841
2023-10;RER;A;RER A;84.203;5.33
2023-10;RER;E;RER E;93.644;14.732
2023-10;Transilien;H;Paris Nord Ouest;95.904;23.417
2023-10;Transilien;P;Paris Est;85.004;5.669
2023-11;RER;C;RER C;82.083;4.581
2023-11;Transilien;R;Paris Sud Est;88.877;7.99
2023-12;Transilien;N;Paris Montparnasse;90.427;9.446
2023-12;Transilien;P;Paris Est;89.538;8.559
2023-12;Transilien;U;La Verrière - La Défense;92.196;11.813
2024-02;RER;A;RER A;89.425;8.457
2024-02;RER;C;RER C;84.355;5.392
2024-02;Transilien;K;Paris Nord Crépy;96.119;24.769
2024-03;Transilien;H;Paris Nord Ouest;95.817;22.908
2024-03;Transilien;P;Paris Est;93.953;15.536
2024-04;Transilien;L;Paris Saint-Lazare Sud;95.435;20.905
2024-04;Transilien;R;Paris Sud Est;91.099;10.234
2024-05;Transilien;J;Paris Saint-Lazare Nord;92.629;12.567
2024-05;Transilien;L;Paris Saint-Lazare Sud;93.513;14.415
2024-05;Transilien;P;Paris Est;91.403;10.632
2024-05;Transilien;U;La Verrière - La Défense;95.89;23.33
2024-06;Transilien;H;Paris Nord Ouest;97.062;33.042
2024-06;Transilien;K;Paris Nord Crépy;97.237;35.186
2024-06;Transilien;R;Paris Sud Est;89.397;8.431
2024-07;Transilien;J;Paris Saint-Lazare Nord;94.395;16.84
2024-07;Transilien;N;Paris Montparnasse;95.505;21.249
2024-07;Transilien;P;Paris Est;94.094;15.931
2024-08;RER;D;RER D;93.372;14.088
2024-08;Transilien;J;Paris Saint-Lazare Nord;95.914;23.473
2024-08;Transilien;U;La Verrière - La Défense;98.421;62.327
2024-09;Transilien;L;Paris Saint-Lazare Sud;96.944;31.72
2024-09;Transilien;P;Paris Est;92.958;13.201
2024-10;RER;B;RER B;84.17;5.317
2024-10;RER;D;RER D;85.192;5.753
2024-10;Transilien;R;Paris Sud Est;94.403;16.865
2024-11;RER;A;RER A;85.998;6.142
2024-11;Transilien;K;Paris Nord Crépy;94.119;16.003
2024-11;Transilien;P;Paris Est;89.064;8.144
2024-12;RER;B;RER B;80.446;4.114
2025-01;RER;B;RER B;84.103;5.29
2025-01;RER;C;RER C;82.439;4.695
2025-01;RER;E;RER E;87.863;7.239
2025-01;Transilien;H;Paris Nord Ouest;94.705;17.887
2025-01;Transilien;J;Paris Saint-Lazare Nord;92.439;12.226
2025-01;Transilien;K;Paris Nord Crépy;95.984;23.899
2025-02;RER;C;RER C;84.884;5.616
2025-02;Transilien;J;Paris Saint-Lazare Nord;94.647;17.68
2025-02;Transilien;P;Paris Est;87.452;6.969
2025-03;Transilien;K;Paris Nord Crépy;96.716;29.451
2025-03;Transilien;N;Paris Montparnasse;95.586;21.654
2025-04;RER;C;RER C;89.99;8.99
2025-04;Transilien;L;Paris Saint-Lazare Sud;94.817;18.296
2025-05;RER;A;RER A;89.246;8.299
2025-06;Transilien;K;Paris Nord Crépy;91.692;11.037
2025-06;Transilien;P;Paris Est;87.498;6.998
2025-07;RER;C;RER C;88.321;7.562
2025-07;Transilien;H;Paris Nord Ouest;95.044;19.177
2025-07;Transilien;J;Paris Saint-Lazare Nord;91.897;11.341
2025-07;Transilien;N;Paris Montparnasse;95.364;20.568
2025-08;Transilien;R;Paris Sud Est;91.744;11.112
2025-09;RER;A;RER A;92.104;11.665
2025-09;RER;C;RER C;90.414;9.432
2025-10;RER;C;RER C;89.03;8.116
2025-11;Transilien;H;Paris Nord Ouest;94.494;17.16
2025-11;Transilien;K;Paris Nord Crépy;90.939;10.036
2025-11;Transilien;L;Paris Saint-Lazare Sud;91.915;11.369
2025-12;Transilien;K;Paris Nord Crépy;94.366;16.749
2025-12;Transilien;N;Paris Montparnasse;96.397;26.757
2025-12;Transilien;U;La Verrière - La Défense;94.715;17.922
2026-01;Transilien;H;Paris Nord Ouest;93.185;13.673
2026-01;Transilien;N;Paris Montparnasse;90.244;9.25
2026-01;Transilien;P;Paris Est;84.141;5.306
2026-01;Transilien;R;Paris Sud Est;87.497;6.998
2026-02;Transilien;J;Paris Saint-Lazare Nord;92.954;13.191
2026-02;Transilien;L;Paris Saint-Lazare Sud;93.47;14.314
2026-03;RER;A;RER A;93.185;13.674
2026-03;RER;C;RER C;87.83;7.217
2026-03;Transilien;J;Paris Saint-Lazare Nord;94.545;17.332
2026-03;Transilien;K;Paris Nord Crépy;95.773;22.655
2026-03;Transilien;N;Paris Montparnasse;94.128;16.03
2013-01;Transilien;P;Paris Est;85.8;6.0
2013-01;Transilien;U;La Verrière - La Défense;92.3;12.0
2013-02;RER;E;RER E;94.7;17.9
2013-02;Transilien;K;Paris Nord Crépy;75.2;3.0
2013-02;Transilien;U;La Verrière - La Défense;91.7;11.0
2013-03;Transilien;N;Paris Montparnasse;89.1;8.2
2013-04;RER;A;RER A;83.3;5.0
2013-04;Transilien;U;La Verrière - La Défense;90.1;9.1
2013-05;RER;A;RER A;86.4;6.4
2013-06;RER;C;RER C;90.3;9.3
2013-06;RER;E;RER E;93.9;15.4
2013-06;Transilien;H;Paris Nord Ouest;94.1;15.9
2013-06;Transilien;J;Paris Saint-Lazare Nord;83.5;5.1
2013-06;Transilien;K;Paris Nord Crépy;71.9;2.6
2013-07;RER;B;RER B;84.1;5.3
2013-07;Transilien;N;Paris Montparnasse;93.2;13.7
2013-08;RER;A;RER A;88.9;8.0
2013-08;Transilien;L;Paris Saint-Lazare Sud;89.9;8.9
2013-08;Transilien;N;Paris Montparnasse;96.0;24.0
2013-09;Transilien;H;Paris Nord Ouest;95.4;20.7
2013-10;RER;A;RER A;83.1;4.9
2013-10;Transilien;N;Paris Montparnasse;92.6;12.5
2013-10;Transilien;P;Paris Est;87.3;6.9
2013-11;RER;A;RER A;80.9;4.2
2013-11;Transilien;J;Paris Saint-Lazare Nord;80.7;4.2
2013-12;RER;C;RER C;90.9;10.0
2013-12;Transilien;J;Paris Saint-Lazare Nord;84.4;5.4
2014-01;Transilien;H;Paris Nord Ouest;95.9;23.4
2014-02;RER;B;RER B;88.9;8.0
2014-02;RER;E;RER E;95.0;19.0
2014-02;Transilien;H;Paris Nord Ouest;96.1;24.6
2014-02;Transilien;J;Paris Saint-Lazare Nord;85.4;5.8
2014-02;Transilien;K;Paris Nord Crépy;84.4;5.4
2014-02;Transilien;N;Paris Montparnasse;95.1;19.4
2014-02;Transilien;U;La Verrière - La Défense;92.2;11.8
2014-03;Transilien;N;Paris Montparnasse;95.4;20.7
2014-03;Transilien;U;La Verrière - La Défense;94.0;15.7
2014-04;RER;B;RER B;88.5;7.7
2014-04;Transilien;H;Paris Nord Ouest;95.7;22.3
2014-04;Transilien;N;Paris Montparnasse;95.8;22.8
2014-06;RER;B;RER B;;0.0
2014-06;Transilien;N;Paris Montparnasse;94.7;17.9
2014-06;Transilien;U;La Verrière - La Défense;95.5;21.2
2014-07;RER;B;RER B;86.9;6.6
2014-07;RER;C;RER C;83.9;5.2
2014-07;RER;D;RER D;86.6;6.5
2014-07;RER;E;RER E;92.5;12.3
2014-07;Transilien;L;Paris Saint-Lazare Sud;85.5;5.9
2014-08;Transilien;R;Paris Sud Est;93.2;13.7
2014-09;RER;C;RER C;92.9;13.1
2014-10;RER;C;RER C;84.1;5.3
2014-10;Transilien;N;Paris Montparnasse;91.0;10.1
2014-10;Transilien;U;La Verrière - La Défense;93.6;14.6
2014-11;RER;B;RER B;86.1;6.2
2014-11;RER;E;RER E;95.665;22.1
2014-11;Transilien;R;Paris Sud Est;84.876;5.6
2014-12;RER;A;RER A;67.3;2.1
2014-12;Transilien;H;Paris Nord Ouest;94.1;15.9
2015-01;RER;C;RER C;91.403;10.6
2015-01;Transilien;U;La Verrière - La Défense;94.673;17.8
2015-02;RER;D;RER D;87.642;7.1
2015-02;RER;E;RER E;94.074;15.9
2015-02;Transilien;L;Paris Saint-Lazare Sud;81.819;4.5
2015-02;Transilien;P;Paris Est;92.771;12.8
2015-02;Transilien;U;La Verrière - La Défense;91.446;10.7
2015-03;Transilien;H;Paris Nord Ouest;96.064;24.4
2015-03;Transilien;R;Paris Sud Est;90.349;9.4
2015-04;RER;A;RER A;71.977;2.6
2015-04;RER;C;RER C;89.282;8.3
2015-04;Transilien;H;Paris Nord Ouest;95.079;19.3
2015-04;Transilien;N;Paris Montparnasse;93.906;15.4
2015-04;Transilien;R;Paris Sud Est;86.115;6.2
2015-05;RER;A;RER A;71.217;2.5
2015-05;Transilien;H;Paris Nord Ouest;95.938;23.6
2015-05;Transilien;K;Paris Nord Crépy;91.384;10.6
2015-06;Transilien;J;Paris Saint-Lazare Nord;88.972;8.1
2015-06;Transilien;K;Paris Nord Crépy;90.043;9.0
2015-08;RER;C;RER C;93.1;13.5
2015-08;Transilien;J;Paris Saint-Lazare Nord;90.0;9.0
2015-08;Transilien;P;Paris Est;90.8;9.9
2015-09;Transilien;R;Paris Sud Est;89.617;8.6
2015-09;Transilien;U;La Verrière - La Défense;92.786;12.9
2015-10;Transilien;J;Paris Saint-Lazare Nord;87.99;7.3
2015-10;Transilien;K;Paris Nord Crépy;90.205;9.2
2015-10;Transilien;N;Paris Montparnasse;87.447;7.0
2015-10;Transilien;P;Paris Est;90.725;9.8
2015-10;Transilien;U;La Verrière - La Défense;91.457;10.7
2015-11;RER;E;RER E;92.9;13.1
2015-11;Transilien;N;Paris Montparnasse;88.5;7.7
2016-01;RER;B;RER B;85.5;5.9
2016-01;RER;E;RER E;95.1;19.4
2016-01;Transilien;L;Paris Saint-Lazare Sud;89.0;8.1
2016-02;RER;B;RER B;86.9;6.6
2016-02;RER;C;RER C;88.5;7.7
2016-02;Transilien;H;Paris Nord Ouest;95.1;19.4
2016-03;RER;D;RER D;84.3;5.4
2016-03;Transilien;J;Paris Saint-Lazare Nord;91.1;10.2
2016-04;RER;E;RER E;93.7;14.9
2016-04;Transilien;L;Paris Saint-Lazare Sud;89.4;8.4
2016-04;Transilien;N;Paris Montparnasse;94.3;16.5
2016-04;Transilien;R;Paris Sud Est;90.1;9.1
2016-04;Transilien;U;La Verrière - La Défense;95.8;22.8
2016-05;RER;B;RER B;86.0;6.1
2016-05;Transilien;R;Paris Sud Est;81.1;4.3
2016-06;Transilien;J;Paris Saint-Lazare Nord;90.5;9.5
2016-06;Transilien;R;Paris Sud Est;84.5;5.5
2016-07;RER;D;RER D;85.8;6.0
2016-08;Transilien;L;Paris Saint-Lazare Sud;87.8;7.2
2016-09;RER;B;RER B;87.8;7.2
2016-09;Transilien;P;Paris Est;93.0;13.3
2016-10;RER;B;RER B;83.7;5.1
2016-10;Transilien;H;Paris Nord Ouest;95.6;21.7
2016-10;Transilien;J;Paris Saint-Lazare Nord;90.7;9.8
2016-10;Transilien;L;Paris Saint-Lazare Sud;88.2;7.5
2016-10;Transilien;P;Paris Est;90.7;9.8
2016-11;RER;E;RER E;93.0;13.3
2016-11;Transilien;N;Paris Montparnasse;86.2;6.2
2016-12;RER;E;RER E;94.0;15.7
2016-12;Transilien;H;Paris Nord Ouest;58.1;1.4
2016-12;Transilien;R;Paris Sud Est;88.6;7.8
2017-01;RER;B;RER B;87.8;7.2
2017-01;Transilien;P;Paris Est;89.6;8.6
2017-02;RER;C;RER C;83.4;5.0
2017-02;RER;E;RER E;93.0;13.3
2017-02;Transilien;K;Paris Nord Crépy;94.6;17.5
2017-02;Transilien;L;Paris Saint-Lazare Sud;90.1;9.1
2017-02;Transilien;U;La Verrière - La Défense;95.5;21.2
2017-03;Transilien;H;Paris Nord Ouest;90.4;9.4
2017-03;Transilien;P;Paris Est;93.2;13.7
2017-04;RER;D;RER D;86.3;6.3
2017-04;Transilien;H;Paris Nord Ouest;89.5;8.5
2017-04;Transilien;K;Paris Nord Crépy;93.4;14.2
2017-04;Transilien;N;Paris Montparnasse;93.9;15.4
2017-05;RER;E;RER E;91.693;11.0
2017-05;Transilien;J;Paris Saint-Lazare Nord;90.617;9.7
2017-05;Transilien;P;Paris Est;91.442;10.7
2017-06;RER;B;RER B;88.535;7.7
2017-06;Transilien;L;Paris Saint-Lazare Sud;86.837;6.6
2017-07;RER;D;RER D;83.497;5.1
2017-07;Transilien;K;Paris Nord Crépy;90.507;9.5
2017-07;Transilien;L;Paris Saint-Lazare Sud;89.264;8.3
2017-07;Transilien;P;Paris Est;87.231;6.8
2017-08;RER;C;RER C;93.8;15.1
2017-08;Transilien;J;Paris Saint-Lazare Nord;91.4;10.6
2017-08;Transilien;K;Paris Nord Crépy;94.5;17.2
2017-09;RER;D;RER D;85.3;5.8
2017-09;Transilien;J;Paris Saint-Lazare Nord;89.9;8.9
2017-09;Transilien;K;Paris Nord Crépy;93.2;13.7
2017-09;Transilien;L;Paris Saint-Lazare Sud;88.1;7.4
2017-11;RER;C;RER C;85.8;6.0
2017-11;RER;E;RER E;92.0;11.5
2017-11;Transilien;J;Paris Saint-Lazare Nord;87.4;6.9
2017-11;Transilien;L;Paris Saint-Lazare Sud;83.1;4.9
2017-11;Transilien;N;Paris Montparnasse;86.2;6.2
2017-12;RER;A;RER A;77.1;3.4
2018-02;RER;C;RER C;82.9;4.8
2018-02;RER;D;RER D;80.4;4.1
2018-02;RER;E;RER E;81.5;4.4
2018-02;Transilien;N;Paris Montparnasse;82.7;4.8
2018-03;Transilien;J;Paris Saint-Lazare Nord;88.2;7.5
2018-04;RER;C;RER C;94.5;17.2
2018-04;RER;D;RER D;90.5;9.5
2018-04;Transilien;H;Paris Nord Ouest;95.4;20.7
2018-04;Transilien;J;Paris Saint-Lazare Nord;94.4;16.9
2018-04;Transilien;R;Paris Sud Est;85.6;5.9
2018-05;RER;B;RER B;86.8;6.6
2018-05;Transilien;H;Paris Nord Ouest;90.8;9.9
2018-05;Transilien;N;Paris Montparnasse;92.1;11.7
2018-05;Transilien;P;Paris Est;87.2;6.8
2018-06;Transilien;R;Paris Sud Est;81.1;4.3
2018-07;RER;D;RER D;81.3;4.3
2018-08;RER;A;RER A;91.8;11.2
2018-08;RER;B;RER B;89.0;8.1
2018-08;RER;D;RER D;88.0;7.3
2018-08;Transilien;N;Paris Montparnasse;82.1;4.6
2018-08;Transilien;P;Paris Est;93.3;13.9
2018-09;Transilien;K;Paris Nord Crépy;96.0;24.0
2018-10;RER;B;RER B;84.72;5.5
2018-10;RER;E;RER E;90.2;9.2
2018-10;Transilien;H;Paris Nord Ouest;94.5;17.2
2018-11;Transilien;H;Paris Nord Ouest;86.8;6.6
2018-11;Transilien;N;Paris Montparnasse;87.6;7.1
2018-11;Transilien;P;Paris Est;86.6;6.5
2018-11;Transilien;R;Paris Sud Est;82.4;4.7
2018-12;Transilien;H;Paris Nord Ouest;93.2;13.7
2018-12;Transilien;J;Paris Saint-Lazare Nord;88.5;7.7
2018-12;Transilien;N;Paris Montparnasse;86.0;6.1
2018-12;Transilien;U;La Verrière - La Défense;91.6;10.9
2019-01;Transilien;P;Paris Est;85.2;5.8
2019-01;Transilien;U;La Verrière - La Défense;92.9;13.1
2019-02;RER;A;RER A;86.9;6.6
2019-02;RER;B;RER B;84.5;5.5
2019-02;RER;E;RER E;93.053;13.4
2019-03;RER;C;RER C;91.655;11.0
2019-04;Transilien;P;Paris Est;90.178;9.2
2019-05;RER;B;RER B;89.254;8.3
2019-05;Transilien;U;La Verrière - La Défense;93.95;15.5
2019-06;RER;E;RER E;91.025;10.1
2019-06;Transilien;H;Paris Nord Ouest;92.945;13.2
2019-06;Transilien;R;Paris Sud Est;83.92;5.2
2019-07;RER;C;RER C;87.219;6.8
2019-07;Transilien;L;Paris Saint-Lazare Sud;93.741;15.0
2019-07;Transilien;U;La Verrière - La Défense;95.068;19.3
2019-09;RER;C;RER C;89.033;8.1
2019-09;Transilien;N;Paris Montparnasse;93.2;13.7
2019-09;Transilien;P;Paris Est;85.931;6.1
2019-10;Transilien;J;Paris Saint-Lazare Nord;86.439;6.4
2019-10;Transilien;P;Paris Est;88.893;8.0
2019-10;Transilien;U;La Verrière - La Défense;91.795;11.2
2019-11;RER;C;RER C;80.676;4.2
2019-11;Transilien;H;Paris Nord Ouest;93.784;15.1
2019-11;Transilien;J;Paris Saint-Lazare Nord;88.022;7.3
2020-02;Transilien;J;Paris Saint-Lazare Nord;86.88;6.622
2020-02;Transilien;K;Paris Nord Crépy;93.155;13.609
2020-02;Transilien;P;Paris Est;89.116;8.187
2020-03;RER;D;RER D;84.696;5.534
2020-03;Transilien;J;Paris Saint-Lazare Nord;90.737;9.795
2020-03;Transilien;R;Paris Sud Est;85.194;5.754
2020-06;Transilien;J;Paris Saint-Lazare Nord;91.012;10.126
2020-07;RER;C;RER C;92.269;11.935
2020-07;Transilien;H;Paris Nord Ouest;94.199;16.237
2020-07;Transilien;L;Paris Saint-Lazare Sud;96.892;31.171
2020-08;RER;D;RER D;87.498;6.999
2020-08;Transilien;J;Paris Saint-Lazare Nord;93.514;14.417
2020-08;Transilien;N;Paris Montparnasse;94.968;18.872
2020-09;RER;D;RER D;87.593;7.06
2020-09;Transilien;L;Paris Saint-Lazare Sud;94.426;16.939
2020-10;Transilien;L;Paris Saint-Lazare Sud;91.109;10.248
2020-10;Transilien;U;La Verrière - La Défense;95.879;23.268
2020-11;RER;A;RER A;90.137;9.138
2020-11;RER;E;RER E;95.313;20.333
2020-11;Transilien;H;Paris Nord Ouest;95.565;21.548
2020-11;Transilien;R;Paris Sud Est;90.476;9.5
2020-12;RER;A;RER A;88.737;7.879
2020-12;RER;B;RER B;88.286;7.537
2020-12;RER;C;RER C;92.309;12.003
2020-12;RER;D;RER D;87.554;7.035
2020-12;Transilien;N;Paris Montparnasse;95.478;21.112
2020-12;Transilien;R;Paris Sud Est;86.989;6.686
2021-01;Transilien;R;Paris Sud Est;89.271;8.32
2021-01;Transilien;U;La Verrière - La Défense;96.954;31.833
2021-02;RER;A;RER A;80.019;4.005
2021-02;Transilien;U;La Verrière - La Défense;93.66;14.773
2021-03;Transilien;H;Paris Nord Ouest;95.975;23.847
2021-03;Transilien;L;Paris Saint-Lazare Sud;95.014;19.057
2021-04;RER;A;RER A;94.699;17.866
2021-04;RER;C;RER C;93.323;13.977
2021-04;RER;E;RER E;95.648;21.978
2021-04;Transilien;P;Paris Est;94.975;18.901
2021-04;Transilien;R;Paris Sud Est;88.236;7.501
2021-04;Transilien;U;La Verrière - La Défense;95.583;21.638
2021-05;Transilien;H;Paris Nord Ouest;96.324;26.206
2021-06;RER;D;RER D;89.316;8.36
2021-06;Transilien;H;Paris Nord Ouest;92.52;12.37
2021-06;Transilien;L;Paris Saint-Lazare Sud;95.616;21.811
2021-06;Transilien;P;Paris Est;88.148;7.438
2021-07;Transilien;N;Paris Montparnasse;95.475;21.1
2021-08;RER;D;RER D;88.909;8.017
2021-08;Transilien;J;Paris Saint-Lazare Nord;96.661;28.949
2021-09;RER;A;RER A;86.326;6.313
2021-10;Transilien;H;Paris Nord Ouest;91.82;11.225
2021-10;Transilien;L;Paris Saint-Lazare Sud;91.722;11.08
2021-11;RER;C;RER C;88.146;7.436
2021-11;RER;D;RER D;85.489;5.891
2021-11;Transilien;J;Paris Saint-Lazare Nord;91.691;11.035
2021-11;Transilien;N;Paris Montparnasse;91.513;10.783
2021-12;RER;D;RER D;87.57;7.045
2021-12;Transilien;P;Paris Est;92.876;13.038
2022-02;RER;D;RER D;86.248;6.272
2022-02;RER;E;RER E;93.512;14.412
2022-02;Transilien;H;Paris Nord Ouest;95.883;23.289
2022-02;Transilien;K;Paris Nord Crépy;92.367;12.101
2022-02;Transilien;R;Paris Sud Est;91.46;10.71
2022-03;RER;C;RER C;91.592;10.894
2022-03;Transilien;H;Paris Nord Ouest;96.604;28.451
2022-03;Transilien;R;Paris Sud Est;89.422;8.454
2022-04;Transilien;H;Paris Nord Ouest;94.376;16.782
2022-05;RER;C;RER C;92.697;12.692
2022-05;RER;D;RER D;89.338;8.379
2022-05;Transilien;J;Paris Saint-Lazare Nord;94.43;16.954
2022-05;Transilien;N;Paris Montparnasse;94.814;18.284
2022-06;RER;B;RER B;82.46;4.701
2022-06;RER;E;RER E;92.924;13.133
2022-06;Transilien;H;Paris Nord Ouest;94.728;17.967
2022-06;Transilien;J;Paris Saint-Lazare Nord;87.868;7.243
2022-07;RER;E;RER E;94.416;16.908
2022-07;Transilien;N;Paris Montparnasse;96.437;27.065
2022-08;RER;D;RER D;88.902;8.011
2022-08;Transilien;H;Paris Nord Ouest;95.446;20.961
2022-09;RER;A;RER A;90.763;9.826
2022-10;RER;D;RER D;87.28;6.862
2022-11;RER;A;RER A;86.148;6.219
2022-11;RER;B;RER B;82.42;4.688
2022-11;RER;E;RER E;94.193;16.221
2022-11;Transilien;L;Paris Saint-Lazare Sud;94.123;16.017
2022-12;RER;D;RER D;84.519;5.46
2022-12;Transilien;K;Paris Nord Crépy;96.788;30.129
2022-12;Transilien;N;Paris Montparnasse;97.072;33.156
2023-01;RER;A;RER A;86.076;6.182
2023-01;RER;C;RER C;89.624;8.637
2023-01;Transilien;N;Paris Montparnasse;95.115;19.471
2023-01;Transilien;R;Paris Sud Est;86.674;6.504
2023-02;Transilien;H;Paris Nord Ouest;95.881;23.278
2023-02;Transilien;L;Paris Saint-Lazare Sud;96.477;27.385
2023-02;Transilien;P;Paris Est;93.452;14.271
2023-03;Transilien;H;Paris Nord Ouest;94.405;16.874
2023-03;Transilien;K;Paris Nord Crépy;95.862;23.164
2023-03;Transilien;L;Paris Saint-Lazare Sud;97.361;36.891
2023-03;Transilien;R;Paris Sud Est;89.954;8.954
2023-04;RER;A;RER A;89.785;8.79
2023-05;Transilien;P;Paris Est;94.156;16.111
2023-06;RER;A;RER A;86.609;6.468
2023-06;RER;B;RER B;83.082;4.911
2023-06;Transilien;H;Paris Nord Ouest;90.984;10.091
2023-07;RER;A;RER A;87.749;7.162
2023-07;Transilien;K;Paris Nord Crépy;91.522;10.795
2023-07;Transilien;L;Paris Saint-Lazare Sud;96.251;25.673
2023-08;Transilien;J;Paris Saint-Lazare Nord;95.591;21.68
2023-08;Transilien;K;Paris Nord Crépy;97.339;36.579
2023-08;Transilien;L;Paris Saint-Lazare Sud;95.373;20.611
2023-09;RER;C;RER C;84.807;5.582
2023-09;Transilien;K;Paris Nord Crépy;95.72;22.364
2023-09;Transilien;P;Paris Est;91.257;10.438
2023-10;RER;C;RER C;88.001;7.334
2023-10;RER;D;RER D;85.147;5.732
2023-11;RER;A;RER A;75.588;3.096
2023-11;Transilien;P;Paris Est;76.768;3.304
2023-12;RER;B;RER B;80.647;4.167
2023-12;RER;C;RER C;81.413;4.38
2023-12;Transilien;R;Paris Sud Est;91.739;11.106
2024-01;RER;B;RER B;84.384;5.404
2024-01;RER;D;RER D;83.035;4.895
2024-01;Transilien;H;Paris Nord Ouest;92.988;13.262
2024-01;Transilien;L;Paris Saint-Lazare Sud;90.712;9.766
2024-01;Transilien;N;Paris Montparnasse;91.996;11.494
2024-01;Transilien;U;La Verrière - La Défense;91.204;10.369
2024-02;RER;E;RER E;90.887;9.973
2024-02;Transilien;H;Paris Nord Ouest;94.313;16.584
2024-02;Transilien;P;Paris Est;89.456;8.484
2024-02;Transilien;R;Paris Sud Est;90.733;9.791
2024-03;RER;A;RER A;88.403;7.623
2024-03;RER;E;RER E;94.62;17.587
2024-03;Transilien;K;Paris Nord Crépy;97.574;40.212
2024-03;Transilien;N;Paris Montparnasse;95.102;19.418
2024-04;Transilien;P;Paris Est;93.507;14.401
2024-05;RER;E;RER E;93.192;13.689
2024-05;Transilien;K;Paris Nord Crépy;97.441;38.085
2024-06;RER;B;RER B;83.395;5.022
2024-06;RER;C;RER C;88.055;7.372
2024-06;RER;D;RER D;86.115;6.202
2024-06;Transilien;L;Paris Saint-Lazare Sud;92.942;13.169
2024-07;RER;A;RER A;89.364;8.402
2024-07;RER;B;RER B;89.402;8.435
2024-07;RER;C;RER C;91.935;11.399
2024-07;RER;D;RER D;91.773;11.155
2024-07;Transilien;K;Paris Nord Crépy;97.358;36.856
2024-08;RER;A;RER A;91.353;10.565
2024-08;Transilien;N;Paris Montparnasse;96.472;27.344
2024-09;RER;C;RER C;91.009;10.123
2024-09;Transilien;R;Paris Sud Est;93.193;13.691
2024-09;Transilien;U;La Verrière - La Défense;96.292;25.97
2024-10;RER;A;RER A;85.927;6.106
2024-10;RER;C;RER C;86.235;6.265
2024-12;Transilien;J;Paris Saint-Lazare Nord;95.056;19.226
2024-12;Transilien;K;Paris Nord Crépy;92.411;12.177
2024-12;Transilien;L;Paris Saint-Lazare Sud;94.69;17.833
2025-01;Transilien;P;Paris Est;91.957;11.433
2025-02;RER;A;RER A;92.059;11.592
2025-02;Transilien;K;Paris Nord Crépy;98.055;50.416
2025-02;Transilien;L;Paris Saint-Lazare Sud;94.215;16.287
2025-03;RER;D;RER D;87.672;7.112
2025-04;Transilien;H;Paris Nord Ouest;92.738;12.77
2025-04;Transilien;K;Paris Nord Crépy;95.56;21.52
2025-04;Transilien;N;Paris Montparnasse;93.813;15.164
2025-04;Transilien;R;Paris Sud Est;86.549;6.434
2025-04;Transilien;U;La Verrière - La Défense;94.661;17.731
2025-05;Transilien;K;Paris Nord Crépy;95.328;20.402
2025-06;RER;A;RER A;80.935;4.245
2025-06;RER;B;RER B;86.186;6.239
2025-06;Transilien;H;Paris Nord Ouest;92.788;12.866
2025-06;Transilien;J;Paris Saint-Lazare Nord;92.59;12.496
2025-07;RER;B;RER B;88.636;7.8
2025-07;RER;D;RER D;85.981;6.133
2025-07;RER;E;RER E;92.721;12.738
2025-08;RER;E;RER E;94.775;18.139
2025-08;Transilien;J;Paris Saint-Lazare Nord;94.821;18.307
2025-08;Transilien;U;La Verrière - La Défense;98.482;64.86
2025-09;RER;B;RER B;85.757;6.021
2025-09;RER;D;RER D;86.155;6.223
2025-09;RER;E;RER E;91.718;11.075
2025-09;Transilien;J;Paris Saint-Lazare Nord;95.441;20.935
2025-09;Transilien;K;Paris Nord Crépy;90.428;9.447
2025-09;Transilien;P;Paris Est;93.012;13.311
2025-09;Transilien;R;Paris Sud Est;85.425;5.861
2025-10;RER;A;RER A;88.732;7.875
2025-10;RER;E;RER E;88.407;7.626
2025-10;Transilien;H;Paris Nord Ouest;92.544;12.412
2025-10;Transilien;N;Paris Montparnasse;92.686;12.673
2025-10;Transilien;R;Paris Sud Est;88.465;7.669
2025-11;RER;D;RER D;82.956;4.867
2025-11;Transilien;P;Paris Est;91.602;10.908
2025-11;Transilien;R;Paris Sud Est;91.017;10.132
2025-12;RER;A;RER A;87.194;6.809
2025-12;RER;B;RER B;88.576;7.753
2025-12;RER;C;RER C;90.569;9.604
2025-12;RER;E;RER E;92.561;12.442
2025-12;Transilien;H;Paris Nord Ouest;96.359;26.469
2025-12;Transilien;J;Paris Saint-Lazare Nord;93.718;14.919
2026-01;Transilien;J;Paris Saint-Lazare Nord;90.953;10.053
2026-02;RER;A;RER A;87.887;7.255
2026-02;RER;D;RER D;82.236;4.629
2026-02;Transilien;N;Paris Montparnasse;95.234;19.984
2026-03;RER;D;RER D;85.05;5.689
2026-03;Transilien;U;La Verrière - La Défense;88.27;7.525
2013-01;RER;D;RER D;77.6;3.5
2013-01;Transilien;H;Paris Nord Ouest;93.9;15.4
2013-01;Transilien;J;Paris Saint-Lazare Nord;82.5;4.7
2013-01;Transilien;K;Paris Nord Crépy;75.2;3.0
2013-02;RER;A;RER A;86.2;6.2
2013-02;RER;B;RER B;80.3;4.1
2013-02;RER;C;RER C;91.8;11.2
2013-02;RER;D;RER D;79.3;3.8
2013-02;Transilien;J;Paris Saint-Lazare Nord;88.1;7.4
2013-02;Transilien;L;Paris Saint-Lazare Sud;82.1;4.6
2013-03;RER;A;RER A;84.0;5.3
2013-03;RER;C;RER C;87.6;7.1
2013-03;Transilien;P;Paris Est;89.0;8.1
2013-04;Transilien;H;Paris Nord Ouest;94.6;17.5
2013-04;Transilien;K;Paris Nord Crépy;82.0;4.6
2013-04;Transilien;P;Paris Est;92.7;12.7
2013-05;RER;E;RER E;95.5;21.2
2013-05;Transilien;J;Paris Saint-Lazare Nord;91.5;10.8
2013-05;Transilien;L;Paris Saint-Lazare Sud;90.6;9.6
2013-05;Transilien;R;Paris Sud Est;93.0;13.3
2013-06;RER;D;RER D;85.1;5.7
2013-07;RER;A;RER A;83.2;5.0
2013-07;RER;D;RER D;85.2;5.8
2013-07;Transilien;K;Paris Nord Crépy;85.1;5.7
2013-07;Transilien;L;Paris Saint-Lazare Sud;87.2;6.8
2013-08;RER;C;RER C;93.4;14.2
2013-08;RER;E;RER E;95.4;20.7
2013-08;Transilien;U;La Verrière - La Défense;95.3;20.3
2013-09;RER;B;RER B;86.6;6.5
2013-09;RER;C;RER C;93.1;13.5
2013-09;Transilien;P;Paris Est;88.0;7.3
2013-10;RER;B;RER B;80.7;4.2
2013-11;RER;B;RER B;77.9;3.5
2013-11;RER;C;RER C;85.5;5.9
2013-11;Transilien;L;Paris Saint-Lazare Sud;77.8;3.5
2013-12;Transilien;K;Paris Nord Crépy;83.1;4.9
2013-12;Transilien;N;Paris Montparnasse;92.8;12.9
2014-01;Transilien;L;Paris Saint-Lazare Sud;82.3;4.6
2014-01;Transilien;P;Paris Est;91.0;10.1
2014-02;RER;A;RER A;85.7;6.0
2014-02;Transilien;L;Paris Saint-Lazare Sud;83.1;4.9
2014-02;Transilien;P;Paris Est;90.4;9.4
2014-03;RER;C;RER C;91.5;10.8
2014-03;Transilien;K;Paris Nord Crépy;87.9;7.3
2014-04;RER;C;RER C;91.6;10.9
2014-04;Transilien;J;Paris Saint-Lazare Nord;88.9;8.0
2014-04;Transilien;L;Paris Saint-Lazare Sud;86.7;6.5
2014-04;Transilien;R;Paris Sud Est;88.5;7.7
2014-05;RER;C;RER C;91.7;11.0
2014-05;RER;E;RER E;93.3;13.9
2014-05;Transilien;J;Paris Saint-Lazare Nord;87.1;6.8
2014-05;Transilien;K;Paris Nord Crépy;91.9;11.3
2014-06;RER;A;RER A;72.6;2.6
2014-06;RER;C;RER C;87.3;6.9
2014-06;Transilien;K;Paris Nord Crépy;79.6;3.9
2014-07;RER;A;RER A;70.5;2.4
2014-07;Transilien;H;Paris Nord Ouest;93.1;13.5
2014-07;Transilien;J;Paris Saint-Lazare Nord;85.9;6.1
2014-07;Transilien;K;Paris Nord Crépy;87.6;7.1
2014-07;Transilien;P;Paris Est;88.1;7.4
2014-08;RER;B;RER B;90.7;9.8
2014-08;RER;D;RER D;92.0;11.5
2014-08;Transilien;L;Paris Saint-Lazare Sud;92.0;11.5
2014-08;Transilien;P;Paris Est;92.6;12.5
2014-09;Transilien;R;Paris Sud Est;88.9;8.0
2014-10;RER;B;RER B;85.5;5.9
2014-10;RER;E;RER E;94.0;15.7
2014-10;Transilien;L;Paris Saint-Lazare Sud;82.4;4.7
2014-10;Transilien;R;Paris Sud Est;77.9;3.5
2014-11;Transilien;L;Paris Saint-Lazare Sud;81.31;4.4
2014-11;Transilien;P;Paris Est;87.28;6.9
2014-11;Transilien;U;La Verrière - La Défense;88.863;8.0
2014-12;RER;E;RER E;92.7;12.7
2014-12;Transilien;N;Paris Montparnasse;94.0;15.7
2014-12;Transilien;P;Paris Est;88.7;7.8
2014-12;Transilien;R;Paris Sud Est;87.6;7.1
2015-01;Transilien;J;Paris Saint-Lazare Nord;87.233;6.8
2015-02;RER;C;RER C;91.609;10.9
2015-02;Transilien;H;Paris Nord Ouest;94.178;16.2
2015-02;Transilien;J;Paris Saint-Lazare Nord;85.058;5.7
2015-02;Transilien;K;Paris Nord Crépy;85.087;5.7
2015-02;Transilien;N;Paris Montparnasse;93.771;15.1
2015-03;RER;B;RER B;89.854;8.9
2015-03;RER;D;RER D;86.308;6.3
2015-03;Transilien;J;Paris Saint-Lazare Nord;87.498;7.0
2015-03;Transilien;L;Paris Saint-Lazare Sud;82.902;4.8
2015-03;Transilien;P;Paris Est;93.254;13.8
2015-04;RER;B;RER B;86.173;6.2
2015-04;Transilien;J;Paris Saint-Lazare Nord;90.79;9.9
2015-05;Transilien;J;Paris Saint-Lazare Nord;90.925;10.0
2015-05;Transilien;L;Paris Saint-Lazare Sud;85.842;6.1
2015-05;Transilien;P;Paris Est;92.703;12.7
2015-06;RER;C;RER C;86.173;6.2
2015-06;RER;E;RER E;93.059;13.4
2015-06;Transilien;N;Paris Montparnasse;87.838;7.2
2015-06;Transilien;P;Paris Est;88.835;8.0
2015-07;Transilien;P;Paris Est;90.1;9.1
2015-07;Transilien;R;Paris Sud Est;88.8;7.9
2015-08;RER;A;RER A;82.997;4.9
2015-08;RER;B;RER B;92.918;13.1
2015-08;RER;E;RER E;94.7;17.9
2015-08;Transilien;K;Paris Nord Crépy;87.6;7.1
2015-08;Transilien;U;La Verrière - La Défense;95.9;23.4
2015-09;RER;C;RER C;90.693;9.7
2015-09;Transilien;J;Paris Saint-Lazare Nord;85.144;5.7
2015-09;Transilien;K;Paris Nord Crépy;87.9;7.3
2015-10;RER;D;RER D;84.198;5.3
2015-11;RER;A;RER A;67.1;2.0
2015-11;RER;B;RER B;86.6;6.5
2015-11;Transilien;H;Paris Nord Ouest;94.3;16.5
2015-12;Transilien;H;Paris Nord Ouest;96.2;25.3
2016-01;Transilien;P;Paris Est;89.5;8.5
2016-02;RER;D;RER D;86.7;6.5
2016-02;Transilien;L;Paris Saint-Lazare Sud;89.4;8.4
2016-02;Transilien;P;Paris Est;88.1;7.4
2016-02;Transilien;R;Paris Sud Est;88.1;7.4
2016-03;RER;E;RER E;95.7;22.3
2016-03;Transilien;K;Paris Nord Crépy;85.8;6.0
2016-03;Transilien;U;La Verrière - La Défense;93.5;14.4
2016-04;RER;B;RER B;90.1;9.1
2016-04;Transilien;J;Paris Saint-Lazare Nord;91.0;10.1
2016-05;RER;A;RER A;75.3;3.0
2016-05;RER;D;RER D;85.7;6.0
2016-05;Transilien;H;Paris Nord Ouest;96.1;24.6
2016-05;Transilien;L;Paris Saint-Lazare Sud;87.3;6.9
2016-05;Transilien;U;La Verrière - La Défense;93.5;14.4
2016-06;RER;C;RER C;88.1;7.4
2016-06;RER;E;RER E;93.0;13.3
2016-06;Transilien;P;Paris Est;90.1;9.1
2016-06;Transilien;U;La Verrière - La Défense;91.0;10.1
2016-07;RER;A;RER A;73.0;2.7
2016-07;Transilien;K;Paris Nord Crépy;86.9;6.6
2016-07;Transilien;N;Paris Montparnasse;94.7;17.9
2016-07;Transilien;U;La Verrière - La Défense;96.5;27.6
2016-08;RER;A;RER A;82.3;4.6
2016-08;RER;E;RER E;92.7;12.7
2016-08;Transilien;J;Paris Saint-Lazare Nord;86.3;6.3
2016-08;Transilien;N;Paris Montparnasse;92.0;11.5
2016-08;Transilien;R;Paris Sud Est;89.4;8.4
2016-08;Transilien;U;La Verrière - La Défense;93.2;13.7
2016-09;RER;D;RER D;85.8;6.0
2016-09;RER;E;RER E;94.4;16.9
2016-09;Transilien;J;Paris Saint-Lazare Nord;92.1;11.7
2016-09;Transilien;U;La Verrière - La Défense;92.4;12.2
2016-10;RER;C;RER C;89.2;8.3
2016-10;RER;E;RER E;93.0;13.3
2016-11;RER;B;RER B;82.0;4.6
2016-11;RER;D;RER D;83.4;5.0
2016-11;Transilien;H;Paris Nord Ouest;94.4;16.9
2016-12;RER;A;RER A;66.7;2.0
2016-12;RER;C;RER C;87.7;7.1
2017-01;Transilien;H;Paris Nord Ouest;94.4;16.9
2017-01;Transilien;J;Paris Saint-Lazare Nord;88.8;7.9
2017-01;Transilien;K;Paris Nord Crépy;95.7;22.3
2017-01;Transilien;L;Paris Saint-Lazare Sud;87.0;6.7
2017-02;RER;A;RER A;69.35;2.3
2017-02;Transilien;N;Paris Montparnasse;89.9;8.9
2017-03;RER;D;RER D;82.9;4.8
2017-03;Transilien;J;Paris Saint-Lazare Nord;92.8;12.9
2017-03;Transilien;N;Paris Montparnasse;93.4;14.2
2017-05;RER;A;RER A;70.889;2.4
2017-05;Transilien;N;Paris Montparnasse;89.215;8.3
2017-06;RER;E;RER E;86.617;6.5
2017-06;Transilien;J;Paris Saint-Lazare Nord;89.879;8.9
2017-06;Transilien;P;Paris Est;82.038;4.6
2017-07;RER;B;RER B;88.586;7.8
2017-07;RER;E;RER E;88.33;7.6
2017-07;Transilien;J;Paris Saint-Lazare Nord;91.211;10.4
2017-09;RER;B;RER B;87.3;6.9
2017-09;Transilien;P;Paris Est;93.8;15.1
2017-09;Transilien;U;La Verrière - La Défense;93.0;13.3
2017-10;RER;B;RER B;79.7;3.9
2017-10;RER;D;RER D;83.0;4.9
2017-10;RER;E;RER E;91.8;11.2
2017-10;Transilien;J;Paris Saint-Lazare Nord;90.2;9.2
2017-10;Transilien;L;Paris Saint-Lazare Sud;86.4;6.4
2017-10;Transilien;P;Paris Est;86.7;6.5
2017-11;RER;B;RER B;83.3;5.0
2017-11;Transilien;P;Paris Est;89.7;8.7
2017-11;Transilien;R;Paris Sud Est;79.3;3.8
2017-12;Transilien;H;Paris Nord Ouest;89.4;8.4
2017-12;Transilien;N;Paris Montparnasse;86.0;6.1
2018-01;RER;C;RER C;88.1;7.4
2018-01;RER;D;RER D;84.9;5.6
2018-01;Transilien;H;Paris Nord Ouest;92.4;12.2
2018-01;Transilien;J;Paris Saint-Lazare Nord;92.2;11.8
2018-02;RER;A;RER A;77.4;3.4
2018-02;Transilien;K;Paris Nord Crépy;88.7;7.8
2018-02;Transilien;U;La Verrière - La Défense;86.3;6.3
2018-03;RER;A;RER A;81.3;4.3
2018-03;Transilien;H;Paris Nord Ouest;93.7;14.9
2018-03;Transilien;U;La Verrière - La Défense;92.7;12.7
2018-04;RER;E;RER E;94.4;16.9
2018-04;Transilien;K;Paris Nord Crépy;90.6;9.6
2018-04;Transilien;U;La Verrière - La Défense;92.9;13.1
2018-05;RER;E;RER E;95.6;21.7
2018-05;Transilien;J;Paris Saint-Lazare Nord;92.3;12.0
2018-06;RER;B;RER B;87.4;6.9
2018-06;RER;E;RER E;92.9;13.1
2018-06;Transilien;H;Paris Nord Ouest;92.2;11.8
2018-07;RER;C;RER C;88.9;8.0
2018-07;Transilien;N;Paris Montparnasse;79.0;3.8
2018-07;Transilien;U;La Verrière - La Défense;85.3;5.8
2018-08;Transilien;H;Paris Nord Ouest;96.7;29.3
2018-09;RER;C;RER C;90.0;9.0
2018-09;Transilien;H;Paris Nord Ouest;95.9;23.4
2018-09;Transilien;J;Paris Saint-Lazare Nord;87.8;7.2
2018-09;Transilien;R;Paris Sud Est;87.7;7.1
2018-09;Transilien;U;La Verrière - La Défense;93.6;14.6
2018-10;RER;C;RER C;90.4;9.4
2018-10;Transilien;U;La Verrière - La Défense;95.0;19.0
2018-11;RER;D;RER D;77.4;3.4
2018-11;RER;E;RER E;93.4;14.2
2018-11;Transilien;K;Paris Nord Crépy;87.2;6.8
2018-12;RER;C;RER C;87.3;6.9
2019-01;RER;A;RER A;85.0;5.7
2019-01;Transilien;H;Paris Nord Ouest;94.1;15.9
2019-01;Transilien;L;Paris Saint-Lazare Sud;91.7;11.0
2019-02;Transilien;K;Paris Nord Crépy;94.867;18.5
2019-03;RER;A;RER A;88.3;7.5
2019-03;Transilien;H;Paris Nord Ouest;96.317;26.2
2019-03;Transilien;P;Paris Est;90.751;9.8
2019-04;Transilien;J;Paris Saint-Lazare Nord;91.837;11.3
2019-04;Transilien;K;Paris Nord Crépy;96.654;28.9
2019-04;Transilien;L;Paris Saint-Lazare Sud;93.565;14.5
2019-04;Transilien;R;Paris Sud Est;88.984;8.1
2019-05;RER;C;RER C;90.955;10.1
2019-05;RER;E;RER E;95.911;23.5
2019-05;Transilien;H;Paris Nord Ouest;92.613;12.5
2019-05;Transilien;P;Paris Est;91.624;10.9
2019-06;Transilien;K;Paris Nord Crépy;92.505;12.3
2019-06;Transilien;L;Paris Saint-Lazare Sud;92.117;11.7
2019-06;Transilien;P;Paris Est;86.779;6.6
2019-07;RER;A;RER A;84.462;5.4
2019-07;Transilien;J;Paris Saint-Lazare Nord;90.894;10.0
2019-07;Transilien;P;Paris Est;82.731;4.8
2019-08;RER;B;RER B;91.252;10.4
2019-08;RER;D;RER D;88.681;7.8
2019-08;Transilien;H;Paris Nord Ouest;95.009;19.0
2019-08;Transilien;K;Paris Nord Crépy;95.431;20.9
2019-08;Transilien;U;La Verrière - La Défense;96.816;30.4
2019-09;RER;E;RER E;90.13;9.1
2019-09;Transilien;L;Paris Saint-Lazare Sud;93.834;15.2
2019-09;Transilien;U;La Verrière - La Défense;95.86;23.2
2019-10;Transilien;H;Paris Nord Ouest;90.329;9.3
2019-11;RER;E;RER E;91.331;10.5
2019-11;Transilien;N;Paris Montparnasse;91.196;10.4
2020-03;RER;A;RER A;89.859;8.861
2020-03;RER;C;RER C;93.441;14.246
2020-06;Transilien;H;Paris Nord Ouest;92.918;13.119
2020-06;Transilien;R;Paris Sud Est;88.994;8.086
2020-08;RER;E;RER E;91.532;10.809
2020-08;Transilien;K;Paris Nord Crépy;76.914;3.332
2020-09;RER;A;RER A;87.412;6.944
2020-09;RER;B;RER B;83.409;5.027
2020-09;Transilien;J;Paris Saint-Lazare Nord;91.481;10.738
2020-09;Transilien;K;Paris Nord Crépy;93.599;14.622
2020-09;Transilien;P;Paris Est;92.999;13.283
2020-10;RER;E;RER E;92.796;12.882
2020-11;RER;D;RER D;89.029;8.115
2020-11;Transilien;L;Paris Saint-Lazare Sud;96.193;25.268
2020-11;Transilien;N;Paris Montparnasse;90.56;9.593
2020-12;RER;E;RER E;93.577;14.569
2021-01;RER;A;RER A;83.676;5.126
2021-01;Transilien;P;Paris Est;91.682;11.023
2021-02;RER;E;RER E;94.078;15.887
2021-02;Transilien;J;Paris Saint-Lazare Nord;87.613;7.073
2021-02;Transilien;R;Paris Sud Est;85.204;5.759
2021-03;RER;D;RER D;90.802;9.872
2021-04;RER;D;RER D;91.856;11.28
2021-04;Transilien;J;Paris Saint-Lazare Nord;95.641;21.943
2021-04;Transilien;N;Paris Montparnasse;93.668;14.793
2021-05;Transilien;J;Paris Saint-Lazare Nord;96.101;24.65
2021-05;Transilien;K;Paris Nord Crépy;95.799;22.803
2021-05;Transilien;R;Paris Sud Est;88.801;7.929
2021-06;RER;B;RER B;82.345;4.664
2021-06;Transilien;R;Paris Sud Est;89.928;8.928
2021-06;Transilien;U;La Verrière - La Défense;95.997;23.983
2021-08;RER;B;RER B;75.721;3.119
2021-08;Transilien;L;Paris Saint-Lazare Sud;96.82;30.449
2021-09;RER;E;RER E;93.969;15.581
2021-09;Transilien;L;Paris Saint-Lazare Sud;92.786;12.862
2021-10;Transilien;J;Paris Saint-Lazare Nord;91.842;11.258
2021-10;Transilien;K;Paris Nord Crépy;83.724;5.144
2021-10;Transilien;N;Paris Montparnasse;92.358;12.086
2021-11;Transilien;H;Paris Nord Ouest;96.376;26.592
2021-11;Transilien;L;Paris Saint-Lazare Sud;92.772;12.834
2021-12;Transilien;N;Paris Montparnasse;95.717;22.347
2021-12;Transilien;R;Paris Sud Est;89.154;8.22
2022-01;RER;B;RER B;86.505;6.41
2022-01;RER;D;RER D;90.743;9.803
2022-01;Transilien;N;Paris Montparnasse;95.024;19.095
2022-02;RER;C;RER C;91.612;10.922
2022-02;Transilien;L;Paris Saint-Lazare Sud;95.748;22.517
2022-03;RER;D;RER D;87.736;7.154
2022-04;RER;B;RER B;84.022;5.259
2022-04;Transilien;K;Paris Nord Crépy;93.744;14.986
2022-04;Transilien;R;Paris Sud Est;90.926;10.02
2022-05;Transilien;K;Paris Nord Crépy;95.836;23.017
2022-05;Transilien;P;Paris Est;90.255;9.262
2022-06;RER;D;RER D;87.501;7.001
2022-06;Transilien;K;Paris Nord Crépy;97.112;33.632
2022-07;RER;C;RER C;84.383;5.403
2022-07;RER;D;RER D;82.278;4.643
2022-07;Transilien;L;Paris Saint-Lazare Sud;93.754;15.01
2022-07;Transilien;P;Paris Est;86.414;6.361
2022-08;Transilien;N;Paris Montparnasse;96.596;28.377
2022-08;Transilien;P;Paris Est;90.149;9.151
2022-08;Transilien;R;Paris Sud Est;91.56;10.849
2022-08;Transilien;U;La Verrière - La Défense;63.27;1.723
2022-09;Transilien;J;Paris Saint-Lazare Nord;92.18;11.788
2022-09;Transilien;L;Paris Saint-Lazare Sud;93.865;15.3
2022-10;Transilien;J;Paris Saint-Lazare Nord;92.651;12.607
2022-11;RER;C;RER C;85.318;5.811
2022-12;Transilien;H;Paris Nord Ouest;93.585;14.589
2022-12;Transilien;L;Paris Saint-Lazare Sud;91.848;11.267
2022-12;Transilien;R;Paris Sud Est;88.462;7.667
2023-02;RER;A;RER A;87.681;7.118
2023-02;RER;D;RER D;85.049;5.689
2023-02;Transilien;J;Paris Saint-Lazare Nord;93.921;15.451
2023-03;RER;E;RER E;91.13;10.274
2023-03;Transilien;J;Paris Saint-Lazare Nord;95.832;22.993
2023-04;Transilien;H;Paris Nord Ouest;96.684;29.157
2023-04;Transilien;P;Paris Est;93.245;13.804
2023-04;Transilien;R;Paris Sud Est;87.992;7.328
2023-05;RER;B;RER B;80.188;4.048
2023-05;RER;C;RER C;87.505;7.003
2023-05;Transilien;K;Paris Nord Crépy;91.858;11.283
2023-05;Transilien;L;Paris Saint-Lazare Sud;91.841;11.257
2023-06;Transilien;J;Paris Saint-Lazare Nord;91.712;11.065
2023-06;Transilien;L;Paris Saint-Lazare Sud;91.406;10.636
2023-06;Transilien;N;Paris Montparnasse;95.281;20.189
2023-07;Transilien;P;Paris Est;90.238;9.244
2023-07;Transilien;R;Paris Sud Est;91.029;10.148
2023-07;Transilien;U;La Verrière - La Défense;97.996;48.912
2023-08;Transilien;R;Paris Sud Est;93.701;14.876
2023-10;RER;B;RER B;83.37;5.013
2023-10;Transilien;N;Paris Montparnasse;91.163;10.316
2023-10;Transilien;R;Paris Sud Est;84.992;5.663
2023-11;Transilien;N;Paris Montparnasse;82.58;4.74
2023-11;Transilien;U;La Verrière - La Défense;87.067;6.732
2024-01;Transilien;J;Paris Saint-Lazare Nord;90.569;9.603
2024-01;Transilien;K;Paris Nord Crépy;95.823;22.938
2024-01;Transilien;P;Paris Est;87.001;6.693
2024-01;Transilien;R;Paris Sud Est;88.579;7.756
2024-02;RER;B;RER B;84.131;5.301
2024-02;RER;D;RER D;88.045;7.365
2024-02;Transilien;J;Paris Saint-Lazare Nord;94.151;16.096
2024-02;Transilien;L;Paris Saint-Lazare Sud;94.872;18.502
2024-02;Transilien;N;Paris Montparnasse;95.359;20.548
2024-03;RER;C;RER C;86.236;6.265
2024-03;Transilien;J;Paris Saint-Lazare Nord;93.804;15.14
2024-03;Transilien;R;Paris Sud Est;88.854;7.972
2024-03;Transilien;U;La Verrière - La Défense;93.141;13.579
2024-04;RER;E;RER E;92.01;11.516
2024-04;Transilien;H;Paris Nord Ouest;95.607;21.765
2024-04;Transilien;J;Paris Saint-Lazare Nord;94.091;15.924
2024-04;Transilien;N;Paris Montparnasse;95.178;19.738
2024-05;RER;A;RER A;86.707;6.523
2024-05;Transilien;R;Paris Sud Est;91.476;10.731
2024-06;Transilien;P;Paris Est;91.702;11.052
2024-08;Transilien;R;Paris Sud Est;95.906;23.426
2024-10;Transilien;H;Paris Nord Ouest;93.765;15.04
2024-10;Transilien;J;Paris Saint-Lazare Nord;92.743;12.779
2024-10;Transilien;L;Paris Saint-Lazare Sud;95.098;19.4
2024-11;RER;B;RER B;84.295;5.368
2024-11;Transilien;L;Paris Saint-Lazare Sud;94.984;18.936
2024-11;Transilien;N;Paris Montparnasse;91.602;10.908
2024-12;RER;A;RER A;87.565;7.042
2024-12;Transilien;U;La Verrière - La Défense;93.943;15.51
2025-01;Transilien;N;Paris Montparnasse;92.669;12.64
2025-02;RER;D;RER D;84.875;5.612
2025-02;RER;E;RER E;85.527;5.909
2025-02;Transilien;H;Paris Nord Ouest;95.762;22.594
2025-02;Transilien;U;La Verrière - La Défense;91.865;11.293
2025-03;RER;A;RER A;89.079;8.156
2025-03;RER;B;RER B;86.785;6.567
2025-03;RER;E;RER E;91.252;10.431
2025-03;Transilien;U;La Verrière - La Défense;95.155;19.639
2025-04;RER;A;RER A;89.554;8.573
2025-04;Transilien;J;Paris Saint-Lazare Nord;93.479;14.336
2025-05;RER;E;RER E;89.882;8.884
2025-05;Transilien;H;Paris Nord Ouest;95.914;23.475
2025-05;Transilien;R;Paris Sud Est;92.948;13.18
2025-06;RER;D;RER D;85.159;5.738
2025-06;Transilien;L;Paris Saint-Lazare Sud;92.65;12.605
2025-06;Transilien;R;Paris Sud Est;86.948;6.661
2025-07;Transilien;P;Paris Est;92.285;11.962
2025-08;RER;C;RER C;94.794;18.208
2025-08;RER;D;RER D;90.133;9.135
2025-08;Transilien;K;Paris Nord Crépy;92.728;12.751
2025-08;Transilien;L;Paris Saint-Lazare Sud;95.494;21.193
2025-08;Transilien;P;Paris Est;94.377;16.785
2025-09;Transilien;L;Paris Saint-Lazare Sud;94.029;15.747
2025-10;Transilien;J;Paris Saint-Lazare Nord;95.503;21.236
2025-10;Transilien;K;Paris Nord Crépy;91.123;10.265
2025-10;Transilien;U;La Verrière - La Défense;91.702;11.051
2025-11;Transilien;N;Paris Montparnasse;95.391;20.695
2025-12;Transilien;L;Paris Saint-Lazare Sud;95.101;19.412
2026-01;RER;A;RER A;84.136;5.304
2026-01;RER;B;RER B;84.72;5.545
2026-01;RER;E;RER E;86.481;6.397
2026-02;Transilien;H;Paris Nord Ouest;95.652;22.001
2026-02;Transilien;P;Paris Est;91.106;10.243
2026-03;RER;B;RER B;89.52;8.542
2026-03;RER;E;RER E;90.661;9.707
2026-03;Transilien;L;Paris Saint-Lazare Sud;93.873;15.321
2026-03;Transilien;P;Paris Est;90.413;9.43
2013-01;RER;B;RER B;80.1;4.0
2013-01;RER;C;RER C;91.9;11.3
2013-01;RER;E;RER E;93.3;13.9
2013-01;Transilien;L;Paris Saint-Lazare Sud;84.0;5.3
2013-01;Transilien;N;Paris Montparnasse;94.7;17.9
2013-02;Transilien;H;Paris Nord Ouest;92.7;12.7
2013-03;RER;B;RER B;82.7;4.8
2013-03;RER;D;RER D;80.0;4.0
2013-03;RER;E;RER E;92.9;13.1
2013-03;Transilien;L;Paris Saint-Lazare Sud;81.8;4.5
2013-03;Transilien;R;Paris Sud Est;89.2;8.3
2013-03;Transilien;U;La Verrière - La Défense;89.2;8.3
2013-04;RER;D;RER D;82.9;4.8
2013-04;Transilien;J;Paris Saint-Lazare Nord;85.0;5.7
2013-05;RER;B;RER B;84.0;5.3
2013-05;Transilien;P;Paris Est;90.4;9.4
2013-05;Transilien;U;La Verrière - La Défense;95.3;20.3
2013-06;Transilien;L;Paris Saint-Lazare Sud;82.3;4.6
2013-06;Transilien;R;Paris Sud Est;89.5;8.5
2013-07;RER;C;RER C;90.8;9.9
2013-07;RER;E;RER E;94.0;15.7
2013-07;Transilien;H;Paris Nord Ouest;94.4;16.9
2013-07;Transilien;R;Paris Sud Est;88.5;7.7
2013-08;RER;D;RER D;90.4;9.4
2013-09;RER;D;RER D;83.1;4.9
2013-09;RER;E;RER E;96.8;30.3
2013-09;Transilien;K;Paris Nord Crépy;86.0;6.1
2013-10;RER;D;RER D;79.6;3.9
2013-10;Transilien;K;Paris Nord Crépy;81.2;4.3
2013-10;Transilien;L;Paris Saint-Lazare Sud;82.0;4.6
2013-10;Transilien;R;Paris Sud Est;89.4;8.4
2013-10;Transilien;U;La Verrière - La Défense;91.6;10.9
2013-11;Transilien;N;Paris Montparnasse;88.1;7.4
2013-11;Transilien;U;La Verrière - La Défense;88.4;7.6
2013-12;Transilien;R;Paris Sud Est;90.2;9.2
2013-12;Transilien;U;La Verrière - La Défense;90.6;9.6
2014-01;RER;B;RER B;81.3;4.3
2014-03;RER;A;RER A;83.3;5.0
2014-03;RER;E;RER E;94.4;16.9
2014-03;Transilien;L;Paris Saint-Lazare Sud;88.2;7.5
2014-04;RER;D;RER D;88.5;7.7
2014-04;Transilien;K;Paris Nord Crépy;87.0;6.7
2014-04;Transilien;P;Paris Est;87.9;7.3
2014-05;Transilien;H;Paris Nord Ouest;96.9;31.3
2014-05;Transilien;L;Paris Saint-Lazare Sud;88.8;7.9
2014-06;RER;D;RER D;85.2;5.8
2014-07;Transilien;N;Paris Montparnasse;94.2;16.2
2014-08;RER;A;RER A;81.2;4.3
2014-08;RER;C;RER C;93.9;15.4
2014-08;RER;E;RER E;96.0;24.0
2014-08;Transilien;N;Paris Montparnasse;94.0;15.7
2014-09;RER;B;RER B;87.4;6.9
2014-09;RER;E;RER E;96.0;24.0
2014-09;Transilien;H;Paris Nord Ouest;96.3;26.0
2014-09;Transilien;J;Paris Saint-Lazare Nord;84.6;5.5
2014-09;Transilien;L;Paris Saint-Lazare Sud;85.7;6.0
2014-10;Transilien;H;Paris Nord Ouest;93.7;14.9
2014-10;Transilien;P;Paris Est;90.7;9.8
2014-11;RER;A;RER A;69.8;2.3
2014-11;RER;D;RER D;84.779;5.6
2014-11;Transilien;H;Paris Nord Ouest;94.748;18.0
2015-01;Transilien;L;Paris Saint-Lazare Sud;82.137;4.6
2015-03;Transilien;K;Paris Nord Crépy;88.119;7.4
2015-03;Transilien;U;La Verrière - La Défense;95.922;23.5
2015-05;RER;C;RER C;91.445;10.7
2015-06;Transilien;H;Paris Nord Ouest;92.322;12.0
2015-06;Transilien;U;La Verrière - La Défense;93.659;14.8
2015-07;RER;A;RER A;73.1;2.7
2015-07;RER;B;RER B;90.9;10.0
2015-07;Transilien;U;La Verrière - La Défense;92.3;12.0
2015-08;Transilien;N;Paris Montparnasse;96.3;26.0
2015-08;Transilien;R;Paris Sud Est;91.2;10.4
2015-09;Transilien;L;Paris Saint-Lazare Sud;84.187;5.3
2015-10;RER;A;RER A;65.83;1.9
2015-10;RER;B;RER B;89.983;9.0
2015-10;RER;E;RER E;94.987;18.9
2015-10;Transilien;L;Paris Saint-Lazare Sud;82.69;4.8
2015-10;Transilien;R;Paris Sud Est;85.045;5.7
2015-11;Transilien;J;Paris Saint-Lazare Nord;88.3;7.5
2015-11;Transilien;K;Paris Nord Crépy;85.0;5.7
2015-12;RER;A;RER A;70.158;2.4
2015-12;RER;B;RER B;87.995;7.3
2015-12;RER;D;RER D;88.5;7.7
2015-12;Transilien;P;Paris Est;92.5;12.3
2015-12;Transilien;R;Paris Sud Est;86.9;6.6
2015-12;Transilien;U;La Verrière - La Défense;92.9;13.1
2016-01;RER;A;RER A;69.1;2.2
2016-01;RER;C;RER C;89.9;8.9
2016-01;Transilien;J;Paris Saint-Lazare Nord;91.6;10.9
2016-02;Transilien;J;Paris Saint-Lazare Nord;91.5;10.8
2016-02;Transilien;U;La Verrière - La Défense;96.8;30.3
2016-03;Transilien;R;Paris Sud Est;90.8;9.9
2016-04;RER;D;RER D;89.2;8.3
2016-05;RER;E;RER E;91.0;10.1
2016-05;Transilien;P;Paris Est;88.0;7.3
2016-06;RER;D;RER D;83.0;4.9
2016-07;RER;B;RER B;87.8;7.2
2016-07;RER;E;RER E;89.9;8.9
2016-07;Transilien;J;Paris Saint-Lazare Nord;87.2;6.8
2016-07;Transilien;L;Paris Saint-Lazare Sud;87.6;7.1
2016-08;Transilien;H;Paris Nord Ouest;95.1;19.4
2016-09;RER;A;RER A;70.9;2.4
2016-10;RER;D;RER D;84.9;5.6
2016-10;Transilien;R;Paris Sud Est;83.1;4.9
2016-11;RER;A;RER A;65.9;1.9
2016-11;Transilien;J;Paris Saint-Lazare Nord;86.4;6.4
2017-01;RER;A;RER A;68.25;2.1
2017-01;RER;E;RER E;92.3;12.0
2017-01;Transilien;N;Paris Montparnasse;86.6;6.5
2017-02;RER;B;RER B;89.8;8.8
2017-02;RER;D;RER D;87.0;6.7
2017-02;Transilien;P;Paris Est;91.8;11.2
2017-03;RER;B;RER B;83.8;5.2
2017-03;RER;C;RER C;89.5;8.5
2017-03;Transilien;R;Paris Sud Est;86.3;6.3
2017-04;RER;C;RER C;85.9;6.1
2017-04;Transilien;U;La Verrière - La Défense;94.8;18.2
2017-05;RER;B;RER B;82.258;4.6
2017-05;RER;C;RER C;86.672;6.5
2017-05;Transilien;K;Paris Nord Crépy;87.682;7.1
2017-05;Transilien;U;La Verrière - La Défense;89.266;8.3
2017-06;Transilien;K;Paris Nord Crépy;95.264;20.1
2017-06;Transilien;R;Paris Sud Est;76.235;3.2
2017-07;RER;A;RER A;70.835;2.4
2017-07;Transilien;N;Paris Montparnasse;88.009;7.3
2017-08;RER;A;RER A;88.09;7.4
2017-08;Transilien;H;Paris Nord Ouest;97.6;40.7
2017-09;RER;E;RER E;95.0;19.0
2017-09;Transilien;H;Paris Nord Ouest;96.6;28.4
2017-10;RER;A;RER A;69.9;2.3
2017-10;RER;C;RER C;89.4;8.4
2017-11;Transilien;K;Paris Nord Crépy;90.3;9.3
2017-12;Transilien;U;La Verrière - La Défense;91.4;10.6
2018-01;RER;A;RER A;79.6;3.9
2018-01;RER;B;RER B;88.5;7.7
2018-01;Transilien;L;Paris Saint-Lazare Sud;89.8;8.8
2018-02;Transilien;H;Paris Nord Ouest;90.3;9.3
2018-03;RER;C;RER C;90.5;9.5
2018-03;Transilien;L;Paris Saint-Lazare Sud;89.8;8.8
2018-03;Transilien;R;Paris Sud Est;86.0;6.1
2018-04;RER;B;RER B;87.4;6.9
2018-04;Transilien;L;Paris Saint-Lazare Sud;96.1;24.6
2018-04;Transilien;P;Paris Est;95.3;20.3
2018-05;RER;A;RER A;82.2;4.6
2018-05;RER;D;RER D;85.4;5.8
2018-05;Transilien;K;Paris Nord Crépy;83.1;4.9
2018-05;Transilien;R;Paris Sud Est;85.9;6.1
2018-05;Transilien;U;La Verrière - La Défense;94.4;16.9
2018-06;RER;D;RER D;84.4;5.4
2018-06;Transilien;L;Paris Saint-Lazare Sud;89.9;8.9
2018-06;Transilien;P;Paris Est;82.8;4.8
2018-07;Transilien;K;Paris Nord Crépy;90.2;9.2
2018-08;RER;E;RER E;94.7;17.9
2018-08;Transilien;J;Paris Saint-Lazare Nord;93.3;13.9
2018-09;RER;B;RER B;87.0;6.7
2018-09;Transilien;N;Paris Montparnasse;91.1;10.2
2018-10;RER;D;RER D;83.5;5.1
2018-10;Transilien;K;Paris Nord Crépy;88.2;7.5
2018-10;Transilien;L;Paris Saint-Lazare Sud;91.6;10.9
2018-10;Transilien;R;Paris Sud Est;90.0;9.0
2018-11;Transilien;J;Paris Saint-Lazare Nord;88.6;7.8
2018-12;RER;B;RER B;85.6;5.9
2019-01;RER;B;RER B;83.9;5.2
2019-01;RER;E;RER E;92.0;11.5
2019-01;Transilien;R;Paris Sud Est;80.2;4.1
2019-02;RER;C;RER C;85.672;6.0
2019-02;Transilien;J;Paris Saint-Lazare Nord;91.762;11.1
2019-02;Transilien;N;Paris Montparnasse;92.878;13.0
2019-03;Transilien;J;Paris Saint-Lazare Nord;91.707;11.1
2019-03;Transilien;L;Paris Saint-Lazare Sud;93.823;15.2
2019-03;Transilien;N;Paris Montparnasse;93.055;13.4
2019-03;Transilien;R;Paris Sud Est;88.651;7.8
2019-04;RER;C;RER C;90.907;10.0
2019-04;RER;E;RER E;90.883;10.0
2019-04;Transilien;H;Paris Nord Ouest;96.27;25.8
2019-04;Transilien;N;Paris Montparnasse;94.439;17.0
2019-05;RER;A;RER A;88.536;7.7
2019-05;Transilien;J;Paris Saint-Lazare Nord;91.964;11.4
2019-05;Transilien;L;Paris Saint-Lazare Sud;91.796;11.2
2019-05;Transilien;R;Paris Sud Est;91.536;10.8
2019-06;RER;A;RER A;86.691;6.5
2019-06;Transilien;J;Paris Saint-Lazare Nord;86.187;6.2
2019-06;Transilien;N;Paris Montparnasse;92.417;12.2
2019-07;RER;E;RER E;91.031;10.1
2019-07;Transilien;K;Paris Nord Crépy;93.187;13.7
2019-08;RER;A;RER A;94.061;15.8
2019-08;Transilien;P;Paris Est;91.514;10.8
2019-09;RER;B;RER B;82.206;4.6
2019-09;Transilien;H;Paris Nord Ouest;96.494;27.5
2019-10;RER;B;RER B;76.488;3.3
2019-10;Transilien;L;Paris Saint-Lazare Sud;89.837;8.8
2019-10;Transilien;R;Paris Sud Est;81.091;4.3
2019-11;Transilien;R;Paris Sud Est;86.259;6.3
2020-02;RER;B;RER B;80.025;4.006
2020-02;RER;D;RER D;84.304;5.371
2020-02;Transilien;H;Paris Nord Ouest;90.557;9.59
2020-02;Transilien;N;Paris Montparnasse;92.126;11.699
2020-03;Transilien;K;Paris Nord Crépy;91.071;10.2
2020-03;Transilien;L;Paris Saint-Lazare Sud;94.21;16.271
2020-03;Transilien;N;Paris Montparnasse;95.275;20.163
2020-03;Transilien;U;La Verrière - La Défense;99.411;168.685
2020-06;RER;A;RER A;83.835;5.186
2020-06;RER;D;RER D;90.639;9.683
2020-06;Transilien;K;Paris Nord Crépy;92.545;12.414
2020-06;Transilien;L;Paris Saint-Lazare Sud;93.307;13.94
2020-06;Transilien;P;Paris Est;92.538;12.401
2020-06;Transilien;U;La Verrière - La Défense;95.482;21.132
2020-07;RER;D;RER D;88.805;7.932
2020-07;Transilien;N;Paris Montparnasse;94.142;16.072
2020-07;Transilien;P;Paris Est;90.454;9.475
2020-08;RER;A;RER A;85.83;6.057
2020-08;RER;B;RER B;76.672;3.287
2020-08;Transilien;H;Paris Nord Ouest;90.715;9.77
2020-08;Transilien;L;Paris Saint-Lazare Sud;95.972;23.829
2020-09;RER;C;RER C;91.069;10.197
2020-09;Transilien;H;Paris Nord Ouest;94.268;16.445
2020-10;RER;A;RER A;82.491;4.711
2020-10;RER;D;RER D;86.782;6.565
2020-10;Transilien;J;Paris Saint-Lazare Nord;89.471;8.497
2020-11;Transilien;J;Paris Saint-Lazare Nord;92.976;13.238
2020-11;Transilien;K;Paris Nord Crépy;94.156;16.11
2020-11;Transilien;U;La Verrière - La Défense;95.831;22.986
2020-12;Transilien;K;Paris Nord Crépy;94.445;17.001
2020-12;Transilien;L;Paris Saint-Lazare Sud;93.937;15.493
2020-12;Transilien;U;La Verrière - La Défense;96.436;27.056
2021-01;RER;B;RER B;85.704;5.995
2021-01;RER;C;RER C;90.068;9.068
2021-01;RER;D;RER D;85.923;6.104
2021-01;Transilien;J;Paris Saint-Lazare Nord;92.064;11.6
2021-01;Transilien;K;Paris Nord Crépy;94.747;18.036
2021-01;Transilien;N;Paris Montparnasse;94.618;17.58
2021-02;RER;B;RER B;83.125;4.926
2021-02;RER;D;RER D;85.731;6.008
2021-03;Transilien;N;Paris Montparnasse;92.696;12.691
2021-03;Transilien;P;Paris Est;92.286;11.963
2021-04;Transilien;H;Paris Nord Ouest;96.213;25.403
2021-04;Transilien;K;Paris Nord Crépy;93.628;14.695
2021-04;Transilien;L;Paris Saint-Lazare Sud;97.407;37.565
2021-05;RER;A;RER A;93.766;15.041
2021-05;Transilien;L;Paris Saint-Lazare Sud;97.506;39.092
2021-06;RER;A;RER A;90.045;9.045
2021-06;RER;C;RER C;92.793;12.876
2021-06;RER;E;RER E;91.71;11.063
2021-06;Transilien;N;Paris Montparnasse;92.274;11.944
2021-07;RER;A;RER A;88.621;7.788
2021-07;RER;B;RER B;85.101;5.712
2021-07;Transilien;J;Paris Saint-Lazare Nord;93.669;14.796
2021-07;Transilien;L;Paris Saint-Lazare Sud;96.63;28.672
2021-08;RER;C;RER C;95.165;19.683
2021-08;Transilien;R;Paris Sud Est;91.475;10.73
2021-09;Transilien;J;Paris Saint-Lazare Nord;93.138;13.574
2021-09;Transilien;P;Paris Est;91.338;10.544
2021-10;RER;B;RER B;80.334;4.085
2021-10;RER;C;RER C;88.074;7.385
2021-11;RER;A;RER A;86.061;6.174
2021-11;RER;B;RER B;81.05;4.277
2021-11;Transilien;U;La Verrière - La Défense;93.681;14.826
2021-12;RER;A;RER A;88.986;8.079
2021-12;RER;C;RER C;90.559;9.592
2021-12;RER;E;RER E;95.654;22.01
2021-12;Transilien;J;Paris Saint-Lazare Nord;94.681;17.801
2021-12;Transilien;K;Paris Nord Crépy;96.982;32.139
2022-02;Transilien;P;Paris Est;89.869;8.87
2022-03;RER;A;RER A;91.106;10.244
2022-03;Transilien;J;Paris Saint-Lazare Nord;93.935;15.488
2022-04;Transilien;N;Paris Montparnasse;95.834;23.006
2022-04;Transilien;P;Paris Est;92.119;11.689
2022-05;RER;A;RER A;92.833;12.953
2022-05;RER;E;RER E;93.202;13.71
2022-05;Transilien;L;Paris Saint-Lazare Sud;97.513;39.203
2022-07;RER;B;RER B;73.832;2.821
2022-07;Transilien;H;Paris Nord Ouest;90.854;9.934
2022-07;Transilien;J;Paris Saint-Lazare Nord;91.76;11.136
2022-07;Transilien;R;Paris Sud Est;88.765;7.901
2022-08;RER;C;RER C;91.924;11.382
2022-08;Transilien;J;Paris Saint-Lazare Nord;94.934;18.739
2022-09;RER;B;RER B;82.464;4.702
2022-09;RER;D;RER D;83.811;5.177
2022-09;Transilien;U;La Verrière - La Défense;73.98;2.843
2022-10;RER;A;RER A;87.265;6.853
2022-10;RER;E;RER E;92.028;11.544
2022-10;Transilien;K;Paris Nord Crépy;95.005;19.02
2022-10;Transilien;L;Paris Saint-Lazare Sud;92.115;11.683
2022-10;Transilien;N;Paris Montparnasse;95.11;19.452
2022-11;RER;D;RER D;83.245;4.968
2022-11;Transilien;J;Paris Saint-Lazare Nord;92.315;12.012
2022-11;Transilien;K;Paris Nord Crépy;96.491;27.501
2022-11;Transilien;N;Paris Montparnasse;94.259;16.419
2022-12;RER;A;RER A;82.584;4.742
2022-12;RER;C;RER C;81.783;4.489
2022-12;Transilien;P;Paris Est;91.948;11.419
2022-12;Transilien;U;La Verrière - La Défense;91.697;11.044
2023-01;RER;D;RER D;87.184;6.803
2023-01;Transilien;J;Paris Saint-Lazare Nord;95.468;21.063
2023-01;Transilien;K;Paris Nord Crépy;94.62;17.589
2023-02;RER;B;RER B;84.867;5.608
2023-02;RER;C;RER C;85.486;5.89
2023-02;Transilien;N;Paris Montparnasse;96.716;29.448
2023-02;Transilien;R;Paris Sud Est;89.178;8.241
2023-03;RER;A;RER A;90.372;9.386
2023-03;RER;C;RER C;91.824;11.231
2023-03;Transilien;N;Paris Montparnasse;94.339;16.666
2023-03;Transilien;P;Paris Est;88.537;7.723
2023-04;RER;D;RER D;88.592;7.766
2023-04;Transilien;J;Paris Saint-Lazare Nord;93.886;15.356
2023-04;Transilien;N;Paris Montparnasse;96.962;31.918
2023-05;RER;A;RER A;87.779;7.183
2023-05;Transilien;H;Paris Nord Ouest;92.932;13.148
2023-05;Transilien;J;Paris Saint-Lazare Nord;90.372;9.387
2023-06;RER;D;RER D;81.611;4.438
2023-08;RER;B;RER B;89.292;8.339
2023-08;RER;C;RER C;92.332;12.041
2023-09;RER;A;RER A;86.449;6.38
2023-09;RER;B;RER B;82.23;4.627
2023-09;RER;D;RER D;88.124;7.42
2023-09;RER;E;RER E;95.075;19.304
2023-09;Transilien;N;Paris Montparnasse;96.245;25.634
2023-10;Transilien;J;Paris Saint-Lazare Nord;94.025;15.737
2023-11;RER;D;RER D;81.735;4.475
2023-11;Transilien;J;Paris Saint-Lazare Nord;83.195;4.95
2023-11;Transilien;K;Paris Nord Crépy;88.245;7.507
2023-11;Transilien;L;Paris Saint-Lazare Sud;86.682;6.509
2023-12;RER;A;RER A;86.262;6.279
2023-12;RER;E;RER E;94.248;16.386
2023-12;Transilien;H;Paris Nord Ouest;95.47;21.074
2023-12;Transilien;K;Paris Nord Crépy;96.311;26.105
2023-12;Transilien;L;Paris Saint-Lazare Sud;93.725;14.937
2024-01;RER;A;RER A;81.699;4.464
2024-01;RER;E;RER E;94.141;16.068
2024-02;Transilien;U;La Verrière - La Défense;96.841;30.652
2024-04;RER;A;RER A;86.025;6.156
2024-04;RER;C;RER C;90.114;9.115
2024-04;Transilien;K;Paris Nord Crépy;94.9;18.61
2024-05;RER;B;RER B;87.504;7.003
2024-05;RER;C;RER C;85.56;5.925
2024-05;Transilien;N;Paris Montparnasse;96.796;30.211
2024-06;RER;E;RER E;90.676;9.725
2024-06;Transilien;J;Paris Saint-Lazare Nord;92.794;12.877
2024-06;Transilien;N;Paris Montparnasse;96.557;28.045
2024-06;Transilien;U;La Verrière - La Défense;94.663;17.737
2024-07;Transilien;R;Paris Sud Est;90.33;9.341
2024-08;RER;E;RER E;96.464;27.277
2024-08;Transilien;K;Paris Nord Crépy;96.761;29.876
2024-09;RER;A;RER A;90.935;10.031
2024-09;Transilien;J;Paris Saint-Lazare Nord;95.783;22.713
2024-09;Transilien;K;Paris Nord Crépy;97.392;37.346
2024-09;Transilien;N;Paris Montparnasse;96.481;27.418
2024-10;RER;E;RER E;90.852;9.931
2024-11;RER;D;RER D;84.884;5.616
2024-11;Transilien;J;Paris Saint-Lazare Nord;93.479;14.336
2024-11;Transilien;R;Paris Sud Est;90.807;9.878
2024-12;RER;C;RER C;87.249;6.843
2024-12;RER;E;RER E;89.691;8.7
2024-12;Transilien;P;Paris Est;90.887;9.974
2025-01;Transilien;L;Paris Saint-Lazare Sud;94.836;18.365
2025-02;Transilien;N;Paris Montparnasse;94.356;16.719
2025-03;RER;C;RER C;88.383;7.608
2025-04;RER;B;RER B;87.773;7.179
2025-04;RER;D;RER D;83.659;5.119
2025-04;RER;E;RER E;90.574;9.609
2025-05;RER;D;RER D;84.471;5.44
2025-05;Transilien;J;Paris Saint-Lazare Nord;94.082;15.897
2025-05;Transilien;L;Paris Saint-Lazare Sud;95.108;19.441
2025-06;Transilien;U;La Verrière - La Défense;91.121;10.262
2025-07;Transilien;U;La Verrière - La Défense;94.824;18.321
2025-08;Transilien;H;Paris Nord Ouest;97.236;35.185
2025-08;Transilien;N;Paris Montparnasse;97.677;42.043
2025-10;RER;B;RER B;84.145;5.307
2025-10;RER;D;RER D;83.138;4.93
2025-10;Transilien;P;Paris Est;90.719;9.775
2025-11;Transilien;U;La Verrière - La Défense;90.588;9.625
2025-12;Transilien;P;Paris Est;94.147;16.086
2026-01;Transilien;K;Paris Nord Crépy;94.661;17.731
2026-02;RER;B;RER B;87.157;6.786
2026-02;RER;C;RER C;87.604;7.067
2026-02;RER;E;RER E;86.742;6.543
